Modified or unmodified,Modified material type,Cross-linked or uncross-linked,Cross-linking agent type,Adsorbent dosage (g/L) ,Reactor temperature (℃),Initial P concentration (mg/L),Reaction time (min),Solution pH,Pore volume (cm³/g),BET surface area (m²/g),P adsorption capacity (mg/g)
1,1,1,1,1.0,25.0,50.0,120.0,5.3,0.412,105.53,3.65
1,1,1,1,1.0,25.0,50.0,400.0,5.3,0.412,105.53,4.5
1,1,1,1,1.0,25.0,100.0,400.0,5.3,0.412,105.53,8.5
1,1,1,1,1.0,25.0,200.0,400.0,5.3,0.412,105.53,15.2
1,1,1,1,1.0,25.0,300.0,400.0,5.3,0.412,105.53,20.8
1,1,1,1,1.0,25.0,400.0,400.0,5.3,0.412,105.53,23.5
1,1,1,1,1.0,25.0,500.0,400.0,5.3,0.412,105.53,24.2
1,1,1,1,1.0,35.0,50.0,400.0,5.3,0.412,105.53,5.2
1,1,1,1,1.0,35.0,100.0,400.0,5.3,0.412,105.53,10.5
1,1,1,1,1.0,35.0,200.0,400.0,5.3,0.412,105.53,18.8
1,1,1,1,1.0,35.0,300.0,400.0,5.3,0.412,105.53,24.5
1,1,1,1,1.0,35.0,400.0,400.0,5.3,0.412,105.53,26.8
1,1,1,1,1.0,35.0,500.0,400.0,5.3,0.412,105.53,27.5
1,1,1,1,1.0,45.0,50.0,400.0,5.3,0.412,105.53,6.1
1,1,1,1,1.0,45.0,100.0,400.0,5.3,0.412,105.53,12.2
1,1,1,1,1.0,45.0,200.0,400.0,5.3,0.412,105.53,21.5
1,1,1,1,1.0,45.0,300.0,400.0,5.3,0.412,105.53,28.2
1,1,1,1,1.0,45.0,400.0,400.0,5.3,0.412,105.53,30.5
1,1,1,1,1.0,45.0,500.0,400.0,5.3,0.412,105.53,31.2
1,1,1,1,1.0,25.0,100.0,720.0,5.4,9.223,114.4,20.3
1,1,1,1,1.0,25.0,50.0,720.0,5.4,9.223,114.4,25.0
1,1,1,1,1.0,35.0,100.0,720.0,5.4,9.223,114.4,22.5
1,1,1,1,1.0,45.0,100.0,720.0,5.4,9.223,114.4,24.0
1,2,1,1,1.0,25.0,50.0,30.0,5.3,0.523,108.18,35.2
1,2,1,1,1.0,25.0,50.0,60.0,5.3,0.523,108.18,52.8
1,2,1,1,1.0,25.0,50.0,120.0,5.3,0.523,108.18,83.0
1,2,1,1,1.0,25.0,50.0,200.0,5.3,0.523,108.18,95.5
1,2,1,1,1.0,25.0,50.0,300.0,5.3,0.523,108.18,101.2
1,2,1,1,1.0,25.0,50.0,400.0,5.3,0.523,108.18,104.26
1,2,1,1,1.0,25.0,50.0,600.0,5.3,0.523,108.18,105.5
1,2,1,1,1.0,25.0,50.0,800.0,5.3,0.523,108.18,106.0
1,2,1,1,1.0,25.0,50.0,1400.0,5.3,0.523,108.18,106.5
1,2,1,1,1.0,25.0,100.0,400.0,5.3,0.523,108.18,75.5
1,2,1,1,1.0,25.0,200.0,400.0,5.3,0.523,108.18,88.2
1,2,1,1,1.0,25.0,300.0,400.0,5.3,0.523,108.18,92.5
1,2,1,1,1.0,25.0,400.0,400.0,5.3,0.523,108.18,96.8
1,2,1,1,1.0,25.0,500.0,400.0,5.3,0.523,108.18,102.5
1,2,1,1,1.0,25.0,50.0,400.0,2.0,0.523,108.18,48.33
1,2,1,1,1.0,25.0,50.0,400.0,3.0,0.523,108.18,43.26
1,2,1,1,1.0,25.0,50.0,400.0,4.0,0.523,108.18,41.15
1,2,1,1,1.0,25.0,50.0,400.0,5.0,0.523,108.18,39.5
1,2,1,1,1.0,25.0,50.0,400.0,6.0,0.523,108.18,38.2
1,2,1,1,1.0,25.0,50.0,400.0,7.0,0.523,108.18,33.8
1,2,1,1,1.0,25.0,50.0,400.0,8.0,0.523,108.18,30.5
1,2,1,1,1.0,25.0,50.0,400.0,9.0,0.523,108.18,26.8
1,2,1,1,1.0,25.0,50.0,400.0,10.0,0.523,108.18,20.1
1,2,1,1,1.0,25.0,50.0,400.0,11.0,0.523,108.18,16.5
1,2,1,1,1.0,25.0,50.0,400.0,12.0,0.523,108.18,11.8
1,2,1,1,1.0,25.0,50.0,400.0,5.3,0.523,108.18,104.26
1,2,1,1,1.0,35.0,50.0,400.0,5.3,0.523,108.18,114.1
1,2,1,1,1.0,35.0,100.0,400.0,5.3,0.523,108.18,92.5
1,2,1,1,1.0,35.0,200.0,400.0,5.3,0.523,108.18,102.8
1,2,1,1,1.0,35.0,300.0,400.0,5.3,0.523,108.18,108.5
1,2,1,1,1.0,35.0,400.0,400.0,5.3,0.523,108.18,112.2
1,2,1,1,1.0,35.0,500.0,400.0,5.3,0.523,108.18,114.1
1,2,1,1,1.0,45.0,50.0,400.0,5.3,0.523,108.18,120.04
1,2,1,1,1.0,45.0,100.0,400.0,5.3,0.523,108.18,98.5
1,2,1,1,1.0,45.0,200.0,400.0,5.3,0.523,108.18,108.2
1,2,1,1,1.0,45.0,300.0,400.0,5.3,0.523,108.18,114.8
1,2,1,1,1.0,45.0,400.0,400.0,5.3,0.523,108.18,118.5
1,2,1,1,1.0,45.0,500.0,400.0,5.3,0.523,108.18,120.04
1,2,1,1,1.0,25.0,18.95,30.0,7.0,0.523,108.18,8.5
1,2,1,1,1.0,25.0,18.95,60.0,7.0,0.523,108.18,15.2
1,2,1,1,1.0,25.0,18.95,120.0,7.0,0.523,108.18,22.5
1,2,1,1,1.0,25.0,18.95,200.0,7.0,0.523,108.18,26.8
1,2,1,1,1.0,25.0,18.95,300.0,7.0,0.523,108.18,28.5
1,2,1,1,1.0,25.0,18.95,400.0,7.0,0.523,108.18,29.2
1,2,1,1,1.0,25.0,18.95,600.0,7.0,0.523,108.18,29.5
1,2,1,1,0.5,25.0,18.95,300.0,7.0,0.523,108.18,30.0
1,2,1,1,1.0,25.0,18.95,300.0,7.0,0.523,108.18,19.0
1,2,1,1,1.5,25.0,18.95,300.0,7.0,0.523,108.18,13.0
1,2,1,1,1.0,25.0,50.0,400.0,5.3,0.523,108.18,43.26
1,2,1,1,1.0,25.0,50.0,400.0,5.3,0.523,108.18,38.5
1,2,1,1,1.0,25.0,50.0,400.0,5.3,0.523,108.18,34.2
1,2,1,1,1.0,25.0,50.0,400.0,5.3,0.523,108.18,31.5
1,2,1,1,1.0,25.0,50.0,400.0,5.3,0.523,108.18,28.76
1,2,1,1,1.0,25.0,50.0,120.0,2.0,0.0469,22.1,46.68
1,2,1,1,1.0,25.0,50.0,120.0,3.0,0.0469,22.1,50.84
1,2,1,1,1.0,25.0,50.0,120.0,4.0,0.0469,22.1,39.0
1,2,1,1,1.0,25.0,50.0,120.0,5.0,0.0469,22.1,37.0
1,2,1,1,1.0,25.0,50.0,120.0,6.0,0.0469,22.1,35.0
1,2,1,1,1.0,25.0,50.0,120.0,7.0,0.0469,22.1,33.0
1,2,1,1,1.0,25.0,50.0,120.0,8.0,0.0469,22.1,27.0
1,2,1,1,1.0,25.0,50.0,120.0,9.0,0.0469,22.1,25.0
1,2,1,1,1.0,25.0,50.0,120.0,10.0,0.0469,22.1,18.0
1,2,1,1,1.0,25.0,50.0,120.0,11.0,0.0469,22.1,16.0
1,2,1,1,1.0,25.0,50.0,120.0,12.0,0.0469,22.1,16.38
1,2,1,1,0.25,25.0,100.0,120.0,5.3,0.0469,22.1,44.0
1,2,1,1,0.5,25.0,100.0,120.0,5.3,0.0469,22.1,51.0
1,2,1,1,0.75,25.0,100.0,120.0,5.3,0.0469,22.1,51.0
1,2,1,1,1.0,25.0,100.0,120.0,5.3,0.0469,22.1,53.2
1,2,1,1,1.25,25.0,100.0,120.0,5.3,0.0469,22.1,50.0
1,2,1,1,1.5,25.0,100.0,120.0,5.3,0.0469,22.1,46.0
1,2,1,1,1.75,25.0,100.0,120.0,5.3,0.0469,22.1,45.0
1,2,1,1,2.0,25.0,100.0,120.0,5.3,0.0469,22.1,45.0
1,2,1,1,1.0,25.0,50.0,10.0,5.3,0.0469,22.1,35.0
1,2,1,1,1.0,25.0,50.0,20.0,5.3,0.0469,22.1,40.0
1,2,1,1,1.0,25.0,50.0,30.0,5.3,0.0469,22.1,42.0
1,2,1,1,1.0,25.0,50.0,60.0,5.3,0.0469,22.1,44.0
1,2,1,1,1.0,25.0,50.0,120.0,5.3,0.0469,22.1,44.17
1,2,1,1,1.0,25.0,200.0,10.0,5.3,0.0469,22.1,45.0
1,2,1,1,1.0,25.0,200.0,20.0,5.3,0.0469,22.1,55.0
1,2,1,1,1.0,25.0,200.0,30.0,5.3,0.0469,22.1,58.0
1,2,1,1,1.0,25.0,200.0,60.0,5.3,0.0469,22.1,60.0
1,2,1,1,1.0,25.0,200.0,120.0,5.3,0.0469,22.1,61.87
1,2,1,1,1.0,25.0,500.0,10.0,5.3,0.0469,22.1,70.0
1,2,1,1,1.0,25.0,500.0,20.0,5.3,0.0469,22.1,80.0
1,2,1,1,1.0,25.0,500.0,30.0,5.3,0.0469,22.1,85.0
1,2,1,1,1.0,25.0,500.0,60.0,5.3,0.0469,22.1,88.0
1,2,1,1,1.0,25.0,500.0,120.0,5.3,0.0469,22.1,91.18
1,2,1,1,1.0,25.0,20.0,120.0,5.3,0.0469,22.1,20.0
1,2,1,1,1.0,25.0,50.0,120.0,5.3,0.0469,22.1,45.0
1,2,1,1,1.0,25.0,100.0,120.0,5.3,0.0469,22.1,75.0
1,2,1,1,1.0,25.0,200.0,120.0,5.3,0.0469,22.1,90.0
1,2,1,1,1.0,25.0,300.0,120.0,5.3,0.0469,22.1,98.0
1,2,1,1,1.0,25.0,400.0,120.0,5.3,0.0469,22.1,102.0
1,2,1,1,1.0,25.0,500.0,120.0,5.3,0.0469,22.1,102.9
1,2,1,1,1.0,35.0,20.0,120.0,5.3,0.0469,22.1,18.0
1,2,1,1,1.0,35.0,50.0,120.0,5.3,0.0469,22.1,40.0
1,2,1,1,1.0,35.0,100.0,120.0,5.3,0.0469,22.1,65.0
1,2,1,1,1.0,35.0,200.0,120.0,5.3,0.0469,22.1,78.0
1,2,1,1,1.0,35.0,300.0,120.0,5.3,0.0469,22.1,82.0
1,2,1,1,1.0,35.0,400.0,120.0,5.3,0.0469,22.1,83.0
1,2,1,1,1.0,35.0,500.0,120.0,5.3,0.0469,22.1,83.031
1,2,1,1,1.0,45.0,20.0,120.0,5.3,0.0469,22.1,16.0
1,2,1,1,1.0,45.0,50.0,120.0,5.3,0.0469,22.1,35.0
1,2,1,1,1.0,45.0,100.0,120.0,5.3,0.0469,22.1,58.0
1,2,1,1,1.0,45.0,200.0,120.0,5.3,0.0469,22.1,70.0
1,2,1,1,1.0,45.0,300.0,120.0,5.3,0.0469,22.1,74.0
1,2,1,1,1.0,45.0,400.0,120.0,5.3,0.0469,22.1,75.0
1,2,1,1,1.0,45.0,500.0,120.0,5.3,0.0469,22.1,75.615
1,2,1,1,1.0,25.0,100.0,120.0,5.3,0.0469,22.1,54.32
1,2,1,1,1.0,25.0,100.0,120.0,5.3,0.0469,22.1,54.5
1,2,1,1,1.0,25.0,100.0,120.0,5.3,0.0469,22.1,55.28
1,2,1,1,1.0,25.0,100.0,120.0,5.3,0.0469,22.1,52.28
1,2,1,1,1.0,25.0,100.0,120.0,5.3,0.0469,22.1,48.47
1,2,1,1,1.0,25.0,500.0,120.0,5.3,0.0469,22.1,54.0
1,2,1,1,1.0,25.0,500.0,120.0,5.3,0.0469,22.1,49.59
1,2,1,1,1.0,25.0,500.0,120.0,5.3,0.0469,22.1,48.57
1,2,1,1,1.0,25.0,500.0,120.0,5.3,0.0469,22.1,31.67
1,2,1,1,1.0,25.0,47.7,120.0,8.11,0.0469,22.1,34.99
1,2,1,1,1.0,25.0,14.47,120.0,7.93,0.0469,22.1,14.02
1,2,1,1,2.0,25.0,47.7,120.0,8.11,0.0469,22.1,17.495
1,2,1,1,10.0,25.0,50.0,120.0,7.0,0.0469,22.1,61.62
1,2,1,1,10.0,25.0,50.0,120.0,7.0,0.0469,22.1,59.0
1,3,0,0,0.5,25.0,30.0,360.0,3.0,0.08678260869565217,0.103,43.2
1,3,0,0,0.5,25.0,30.0,360.0,5.0,0.08678260869565217,0.103,42.8
1,3,0,0,0.5,25.0,30.0,360.0,7.0,0.08678260869565217,0.103,42.1
1,3,0,0,0.5,25.0,30.0,360.0,9.0,0.08678260869565217,0.103,40.5
1,3,0,0,0.5,25.0,30.0,360.0,11.0,0.08678260869565217,0.103,38.9
1,3,0,0,0.5,25.0,10.0,360.0,7.0,0.08678260869565217,0.103,15.2
1,3,0,0,0.5,25.0,20.0,360.0,7.0,0.08678260869565217,0.103,28.6
1,3,0,0,0.5,25.0,30.0,360.0,7.0,0.08678260869565217,0.103,42.1
1,3,0,0,0.5,25.0,40.0,360.0,7.0,0.08678260869565217,0.103,48.3
1,3,0,0,0.5,25.0,50.0,360.0,7.0,0.08678260869565217,0.103,49.8
1,3,0,0,0.5,25.0,30.0,10.0,7.0,0.08678260869565217,0.103,25.3
1,3,0,0,0.5,25.0,30.0,30.0,7.0,0.08678260869565217,0.103,38.6
1,3,0,0,0.5,25.0,30.0,60.0,7.0,0.08678260869565217,0.103,42.1
1,3,0,0,0.5,25.0,30.0,120.0,7.0,0.08678260869565217,0.103,43.5
1,3,0,0,0.5,25.0,30.0,240.0,7.0,0.08678260869565217,0.103,43.8
1,3,0,0,0.5,25.0,30.0,360.0,7.0,0.08678260869565217,0.103,44.1
1,3,0,0,0.5,25.0,30.0,360.0,7.0,0.08678260869565217,0.103,43.5
1,3,0,0,0.5,35.0,30.0,360.0,7.0,0.08600000000000003,0.103,50.1
1,3,0,0,0.5,45.0,30.0,360.0,7.0,0.08600000000000003,0.103,51.8
1,4,0,0,0.5,25.0,30.0,360.0,7.0,0.08678260869565217,0.1400000000000001,45.2
1,4,0,0,0.5,35.0,30.0,360.0,7.0,0.08600000000000003,0.1400000000000001,47.5
1,4,0,0,0.5,45.0,30.0,360.0,7.0,0.08600000000000003,0.1400000000000001,48.9
1,4,0,0,0.5,25.0,30.0,360.0,3.0,0.08678260869565217,0.1400000000000001,40.4
1,4,0,0,0.5,25.0,30.0,360.0,5.0,0.08678260869565217,0.1400000000000001,39.8
1,4,0,0,0.5,25.0,30.0,360.0,7.0,0.08678260869565217,0.1400000000000001,39.2
1,4,0,0,0.5,25.0,30.0,360.0,9.0,0.08678260869565217,0.1400000000000001,37.8
1,4,0,0,0.5,25.0,30.0,360.0,11.0,0.08678260869565217,0.1400000000000001,35.2
1,4,0,0,0.5,25.0,10.0,360.0,7.0,0.08678260869565217,0.1400000000000001,14.1
1,4,0,0,0.5,25.0,20.0,360.0,7.0,0.08678260869565217,0.1400000000000001,26.8
1,4,0,0,0.5,25.0,30.0,360.0,7.0,0.08678260869565217,0.1400000000000001,39.2
1,4,0,0,0.5,25.0,40.0,360.0,7.0,0.08678260869565217,0.1400000000000001,44.5
1,4,0,0,0.5,25.0,50.0,60.0,7.0,0.08678260869565217,0.1400000000000001,46.8
1,4,0,0,0.5,25.0,30.0,10.0,7.0,0.08678260869565217,0.1400000000000001,22.1
1,4,0,0,0.5,25.0,30.0,30.0,7.0,0.08678260869565217,0.1400000000000001,35.4
1,4,0,0,0.5,25.0,30.0,60.0,7.0,0.08678260869565217,0.1400000000000001,39.2
1,4,0,0,0.5,25.0,30.0,120.0,7.0,0.08678260869565217,0.1400000000000001,40.5
1,4,0,0,0.5,25.0,30.0,240.0,7.0,0.08678260869565217,0.1400000000000001,40.9
1,4,0,0,0.5,25.0,30.0,360.0,7.0,0.08678260869565217,0.1400000000000001,41.2
1,5,1,2,1.0,25.0,100.0,240.0,6.0,0.03391428571428572,3.6863,122.51
1,5,1,2,1.0,25.0,100.0,20.0,6.0,0.03391428571428572,3.6863,70.64
1,5,1,2,1.0,25.0,100.0,40.0,6.0,0.03391428571428572,3.6863,80.12
1,5,1,2,1.0,25.0,100.0,60.0,6.0,0.03391428571428572,3.6863,85.34
1,5,1,2,1.0,25.0,100.0,120.0,6.0,0.03391428571428572,3.6863,88.76
1,5,1,2,1.0,25.0,100.0,240.0,6.0,0.03391428571428572,3.6863,91.44
1,5,1,2,1.0,25.0,100.0,720.0,6.0,0.11200000000000006,3.6863,90.23
1,5,1,2,1.0,25.0,100.0,1440.0,6.0,0.11200000000000006,3.6863,89.15
1,5,1,2,1.0,25.0,100.0,240.0,3.0,0.03391428571428572,3.6863,76.47
1,5,1,2,1.0,25.0,100.0,240.0,4.0,0.03391428571428572,3.6863,81.23
1,5,1,2,1.0,25.0,100.0,240.0,5.0,0.03391428571428572,3.6863,85.67
1,5,1,2,1.0,25.0,100.0,240.0,6.0,0.03391428571428572,3.6863,91.44
1,5,1,2,1.0,25.0,100.0,240.0,7.0,0.03391428571428572,3.6863,89.32
1,5,1,2,1.0,25.0,100.0,240.0,8.0,0.03391428571428572,3.6863,84.56
1,5,1,2,1.0,25.0,100.0,240.0,9.0,0.03391428571428572,3.6863,79.34
1,5,1,2,1.0,25.0,100.0,240.0,10.0,0.03391428571428572,3.6863,72.18
1,5,1,2,1.0,25.0,100.0,240.0,11.0,0.03391428571428572,3.6863,62.45
1,6,1,2,1.0,25.0,100.0,240.0,6.0,0.03391428571428572,4.3166,126.5
1,6,1,2,1.0,25.0,100.0,20.0,6.0,0.03391428571428572,4.3166,82.12
1,6,1,2,1.0,25.0,100.0,40.0,6.0,0.03391428571428572,4.3166,86.45
1,6,1,2,1.0,25.0,100.0,60.0,6.0,0.03391428571428572,4.3166,89.78
1,6,1,2,1.0,25.0,100.0,120.0,6.0,0.03391428571428572,4.3166,93.56
1,6,1,2,1.0,25.0,100.0,240.0,6.0,0.03391428571428572,4.3166,95.93
1,6,1,2,1.0,25.0,100.0,720.0,6.0,0.11200000000000006,4.3166,94.82
1,6,1,2,1.0,25.0,100.0,1440.0,6.0,0.11200000000000006,4.3166,93.67
1,6,1,2,1.0,25.0,100.0,240.0,3.0,0.03391428571428572,4.3166,78.34
1,6,1,2,1.0,25.0,100.0,240.0,4.0,0.03391428571428572,4.3166,83.56
1,6,1,2,1.0,25.0,100.0,240.0,5.0,0.03391428571428572,4.3166,88.92
1,6,1,2,1.0,25.0,100.0,240.0,6.0,0.03391428571428572,4.3166,95.93
1,6,1,2,1.0,25.0,100.0,240.0,7.0,0.03391428571428572,4.3166,94.67
1,6,1,2,1.0,25.0,100.0,240.0,8.0,0.03391428571428572,4.3166,90.34
1,6,1,2,1.0,25.0,100.0,240.0,9.0,0.03391428571428572,4.3166,85.78
1,6,1,2,1.0,25.0,100.0,240.0,10.0,0.03391428571428572,4.3166,76.45
1,6,1,2,1.0,25.0,100.0,240.0,11.0,0.03391428571428572,4.3166,68.92
1,6,0,0,2.0,26.0,100.0,60.0,5.0,0.0085,0.14,65.51
1,6,0,0,2.0,26.0,100.0,60.0,3.0,0.0085,0.14,45.212
1,6,0,0,2.0,26.0,100.0,60.0,4.0,0.0085,0.14,58.435
1,6,0,0,2.0,26.0,100.0,60.0,5.0,0.0085,0.14,65.51
1,6,0,0,2.0,26.0,100.0,60.0,6.0,0.0085,0.14,52.317
1,6,0,0,2.0,26.0,100.0,60.0,7.0,0.0085,0.14,38.492
1,6,0,0,2.0,26.0,100.0,10.0,5.0,0.0085,0.14,30.123
1,6,0,0,2.0,26.0,100.0,20.0,5.0,0.0085,0.14,45.678
1,6,0,0,2.0,26.0,100.0,30.0,5.0,0.0085,0.14,56.789
1,6,0,0,2.0,26.0,100.0,40.0,5.0,0.0085,0.14,61.234
1,6,0,0,2.0,26.0,100.0,50.0,5.0,0.0085,0.14,64.012
1,6,0,0,2.0,26.0,100.0,60.0,5.0,0.0085,0.14,65.51
1,6,0,0,2.0,26.0,25.0,60.0,5.0,0.0085,0.14,18.234
1,6,0,0,2.0,26.0,50.0,60.0,5.0,0.0085,0.14,36.567
1,6,0,0,2.0,26.0,75.0,60.0,5.0,0.0085,0.14,52.109
1,6,0,0,2.0,26.0,100.0,60.0,5.0,0.0085,0.14,65.51
1,6,0,0,2.0,26.0,150.0,60.0,5.0,0.0085,0.14,68.432
1,6,0,0,2.0,26.0,200.0,60.0,5.0,0.0085,0.14,67.891
1,6,0,0,2.0,26.0,300.0,60.0,5.0,0.0085,0.14,66.234
1,6,0,0,2.0,26.0,100.0,60.0,5.0,0.0085,0.14,65.51
1,6,0,0,2.0,40.0,100.0,60.0,5.0,0.0085,0.14,61.023
1,6,0,0,2.0,50.0,100.0,60.0,5.0,0.0085,0.14,55.876
1,6,0,0,2.0,60.0,100.0,60.0,5.0,0.0085,0.14,51.245
1,6,0,0,1.0,26.0,100.0,60.0,5.0,0.0085,0.14,51.234
1,6,0,0,2.0,26.0,100.0,60.0,5.0,0.0085,0.14,65.51
1,6,0,0,4.0,26.0,100.0,60.0,5.0,0.0085,0.14,64.876
1,6,0,0,6.0,26.0,100.0,60.0,5.0,0.0085,0.14,60.345
1,6,0,0,8.0,26.0,100.0,60.0,5.0,0.0085,0.14,55.678
1,7,0,0,0.5,25.0,10.0,2880.0,7.0,0.08899999999999998,0.1400000000000001,2.5
1,7,0,0,0.75,25.0,10.0,2880.0,7.0,0.08899999999999998,0.1400000000000001,3.0
1,7,0,0,1.0,25.0,10.0,2880.0,7.0,0.08899999999999998,0.1400000000000001,3.5
1,7,0,0,2.5,25.0,10.0,2880.0,7.0,0.08899999999999998,0.1400000000000001,4.2
1,7,0,0,5.0,25.0,10.0,2880.0,7.0,0.08899999999999998,0.1400000000000001,4.7
1,7,0,0,6.4,25.0,10.0,2880.0,7.0,0.08899999999999998,0.1400000000000001,4.9
1,7,0,0,7.5,25.0,10.0,2880.0,7.0,0.08899999999999998,0.1400000000000001,4.8
1,7,0,0,10.0,25.0,10.0,2880.0,7.0,0.08899999999999998,0.1400000000000001,4.5
1,7,0,0,25.0,25.0,10.0,2880.0,7.0,0.08899999999999998,0.1400000000000001,3.5
1,7,0,0,50.0,25.0,10.0,2880.0,7.0,0.08899999999999998,0.1400000000000001,2.5
1,7,0,0,10.0,25.0,10.0,5.0,7.0,0.029,0.1400000000000001,1.5
1,7,0,0,10.0,25.0,10.0,10.0,7.0,0.029,0.1400000000000001,2.5
1,7,0,0,10.0,25.0,10.0,20.0,7.0,0.029,0.1400000000000001,4.0
1,7,0,0,10.0,25.0,10.0,40.0,7.0,0.03911111111111111,0.1400000000000001,5.5
1,7,0,0,10.0,25.0,10.0,60.0,7.0,0.029,0.1400000000000001,6.2
1,7,0,0,10.0,25.0,10.0,120.0,7.0,0.029,0.1400000000000001,7.0
1,7,0,0,10.0,25.0,10.0,180.0,7.0,0.029,0.1400000000000001,7.3
1,7,0,0,10.0,25.0,10.0,240.0,7.0,0.029,0.1400000000000001,7.4
1,7,0,0,10.0,25.0,10.0,420.0,7.0,0.029,0.1400000000000001,7.43
1,7,0,0,10.0,25.0,10.0,1440.0,7.0,0.08899999999999998,0.1400000000000001,7.53
1,7,0,0,10.0,25.0,50.0,5.0,7.0,0.029,0.1400000000000001,3.0
1,7,0,0,10.0,25.0,50.0,10.0,7.0,0.029,0.1400000000000001,5.0
1,7,0,0,10.0,25.0,50.0,20.0,7.0,0.029,0.1400000000000001,7.5
1,7,0,0,10.0,25.0,50.0,40.0,7.0,0.03911111111111111,0.1400000000000001,9.5
1,7,0,0,10.0,25.0,50.0,60.0,7.0,0.029,0.1400000000000001,10.5
1,7,0,0,10.0,25.0,50.0,120.0,7.0,0.029,0.1400000000000001,11.0
1,7,0,0,10.0,25.0,50.0,180.0,7.0,0.029,0.1400000000000001,11.3
1,7,0,0,10.0,25.0,50.0,240.0,7.0,0.029,0.1400000000000001,11.4
1,7,0,0,10.0,25.0,50.0,1440.0,7.0,0.08899999999999998,0.1400000000000001,11.81
1,7,0,0,10.0,35.0,10.0,5.0,7.0,0.0085,0.1400000000000001,2.0
1,7,0,0,10.0,35.0,10.0,10.0,7.0,0.0085,0.1400000000000001,3.5
1,7,0,0,10.0,35.0,10.0,20.0,7.0,0.0085,0.1400000000000001,5.5
1,7,0,0,10.0,35.0,10.0,40.0,7.0,0.0085,0.1400000000000001,6.8
1,7,0,0,10.0,35.0,10.0,60.0,7.0,0.0085,0.1400000000000001,7.5
1,7,0,0,10.0,35.0,10.0,120.0,7.0,0.0085,0.1400000000000001,7.8
1,7,0,0,10.0,35.0,10.0,180.0,7.0,0.0085,0.1400000000000001,7.85
1,7,0,0,10.0,35.0,10.0,240.0,7.0,0.0085,0.1400000000000001,7.9
1,7,0,0,10.0,35.0,10.0,1440.0,7.0,0.08899999999999998,0.1400000000000001,7.9
1,7,0,0,10.0,35.0,50.0,5.0,7.0,0.0085,0.1400000000000001,4.0
1,7,0,0,10.0,35.0,50.0,10.0,7.0,0.0085,0.1400000000000001,7.0
1,7,0,0,10.0,35.0,50.0,20.0,7.0,0.0085,0.1400000000000001,11.0
1,7,0,0,10.0,35.0,50.0,40.0,7.0,0.0085,0.1400000000000001,15.0
1,7,0,0,10.0,35.0,50.0,60.0,7.0,0.0085,0.1400000000000001,17.5
1,7,0,0,10.0,35.0,50.0,120.0,7.0,0.0085,0.1400000000000001,19.5
1,7,0,0,10.0,35.0,50.0,180.0,7.0,0.0085,0.1400000000000001,20.5
1,7,0,0,10.0,35.0,50.0,240.0,7.0,0.0085,0.1400000000000001,21.0
1,7,0,0,10.0,35.0,50.0,1440.0,7.0,0.08899999999999998,0.1400000000000001,21.15
1,7,0,0,10.0,20.0,1.15,2880.0,7.0,0.08899999999999998,0.1400000000000001,0.5
1,7,0,0,10.0,20.0,2.5,2880.0,7.0,0.08899999999999998,0.1400000000000001,1.2
1,7,0,0,10.0,20.0,5.0,2880.0,7.0,0.08899999999999998,0.1400000000000001,2.5
1,7,0,0,10.0,20.0,10.0,2880.0,7.0,0.08899999999999998,0.1400000000000001,5.0
1,7,0,0,10.0,20.0,25.0,2880.0,7.0,0.08899999999999998,0.1400000000000001,12.0
1,7,0,0,10.0,20.0,50.0,2880.0,7.0,0.08899999999999998,0.1400000000000001,22.0
1,7,0,0,10.0,20.0,100.0,2880.0,7.0,0.08899999999999998,0.1400000000000001,35.0
1,7,0,0,10.0,20.0,250.0,2880.0,7.0,0.08899999999999998,0.1400000000000001,50.0
1,7,0,0,10.0,20.0,500.0,2880.0,7.0,0.08899999999999998,0.1400000000000001,58.0
1,7,0,0,10.0,20.0,1000.0,2880.0,7.0,0.08899999999999998,0.1400000000000001,62.0
1,7,0,0,10.0,20.0,1149.12,2880.0,7.0,0.08899999999999998,0.1400000000000001,62.5
1,7,0,0,10.0,20.0,10.0,2880.0,5.0,0.08899999999999998,0.1400000000000001,6.0
1,7,0,0,10.0,20.0,10.0,2880.0,6.0,0.08899999999999998,0.1400000000000001,7.0
1,7,0,0,10.0,20.0,10.0,2880.0,5.5,0.08899999999999998,0.1400000000000001,7.5
1,7,0,0,10.0,20.0,10.0,2880.0,5.2,0.08899999999999998,0.1400000000000001,7.9
1,7,0,0,10.0,20.0,10.0,2880.0,5.0,0.08899999999999998,0.1400000000000001,4.7
1,7,0,0,10.0,20.0,10.0,2880.0,5.2,0.08899999999999998,0.1400000000000001,7.4
1,7,0,0,10.0,20.0,10.0,2880.0,5.1,0.08899999999999998,0.1400000000000001,7.8
1,7,0,0,10.0,20.0,10.0,2880.0,4.9,0.08899999999999998,0.1400000000000001,4.7
1,7,0,0,10.0,20.0,10.0,2880.0,5.4,0.08899999999999998,0.1400000000000001,7.3
1,7,0,0,10.0,20.0,10.0,2880.0,5.5,0.08899999999999998,0.1400000000000001,7.8
1,7,0,0,10.0,20.0,10.0,2880.0,6.0,0.08899999999999998,0.1400000000000001,4.2
1,7,0,0,10.0,20.0,10.0,2880.0,5.3,0.08899999999999998,0.1400000000000001,7.3
1,7,0,0,10.0,20.0,10.0,2880.0,5.2,0.08899999999999998,0.1400000000000001,8.0
1,7,0,0,10.0,20.0,10.0,2880.0,5.0,0.08899999999999998,0.1400000000000001,2.9
1,7,0,0,10.0,20.0,10.0,2880.0,5.3,0.08899999999999998,0.1400000000000001,6.8
1,7,0,0,10.0,20.0,10.0,2880.0,5.2,0.08899999999999998,0.1400000000000001,7.7
1,7,0,0,10.0,20.0,10.63,2880.0,7.3,0.08899999999999998,0.1400000000000001,5.5
1,7,0,0,10.0,20.0,9.07,2880.0,8.0,0.08899999999999998,0.1400000000000001,2.8
1,7,0,0,10.0,20.0,100.0,1440.0,7.0,0.08899999999999998,0.1400000000000001,22.0
1,8,1,1,0.5,25.0,50.0,2880.0,3.0,0.112,28.16,62.51
1,8,1,1,0.5,25.0,50.0,2880.0,4.0,0.112,28.16,60.5
1,8,1,1,0.5,25.0,50.0,2880.0,5.0,0.112,28.16,59.8
1,8,1,1,0.5,25.0,50.0,2880.0,6.0,0.112,28.16,52.5
1,8,1,1,0.5,25.0,50.0,2880.0,7.0,0.112,28.16,44.8
1,8,1,1,0.5,25.0,50.0,2880.0,8.0,0.112,28.16,38.0
1,8,1,1,0.5,25.0,50.0,2880.0,9.0,0.112,28.16,22.0
1,8,1,1,0.5,25.0,50.0,2880.0,10.0,0.112,28.16,20.0
1,8,1,1,0.5,25.0,50.0,2880.0,11.0,0.112,28.16,10.0
1,8,1,1,0.5,15.0,50.0,2880.0,5.0,0.112,28.16,64.98
1,8,1,1,0.5,20.0,50.0,2880.0,5.0,0.112,28.16,62.5
1,8,1,1,0.5,25.0,50.0,2880.0,5.0,0.112,28.16,59.8
1,8,1,1,0.5,30.0,50.0,2880.0,5.0,0.112,28.16,58.5
1,8,1,1,0.5,35.0,50.0,2880.0,5.0,0.112,28.16,56.07
1,8,1,1,0.5,25.0,10.0,2880.0,5.0,0.112,28.16,40.0
1,8,1,1,0.5,25.0,25.0,2880.0,5.0,0.112,28.16,85.0
1,8,1,1,0.5,25.0,50.0,2880.0,5.0,0.112,28.16,115.0
1,8,1,1,0.5,25.0,100.0,2880.0,5.0,0.112,28.16,145.0
1,8,1,1,0.5,25.0,200.0,2880.0,5.0,0.112,28.16,174.6
1,9,1,1,0.62,25.0,50.0,2880.0,3.0,0.089,20.59,65.39
1,9,1,1,0.62,25.0,50.0,2880.0,4.0,0.089,20.59,63.5
1,9,1,1,0.62,25.0,50.0,2880.0,5.0,0.089,20.59,62.51
1,9,1,1,0.62,25.0,50.0,2880.0,6.0,0.089,20.59,60.5
1,9,1,1,0.62,25.0,50.0,2880.0,7.0,0.089,20.59,52.3
1,9,1,1,0.62,25.0,50.0,2880.0,8.0,0.089,20.59,50.0
1,9,1,1,0.62,25.0,50.0,2880.0,9.0,0.089,20.59,45.0
1,9,1,1,0.62,25.0,50.0,2880.0,10.0,0.089,20.59,23.0
1,9,1,1,0.62,25.0,50.0,2880.0,11.0,0.089,20.59,10.0
1,9,1,1,0.62,15.0,50.0,2880.0,5.0,0.089,20.59,68.68
1,9,1,1,0.62,20.0,50.0,2880.0,5.0,0.089,20.59,64.5
1,9,1,1,0.62,25.0,50.0,2880.0,5.0,0.089,20.59,62.51
1,9,1,1,0.62,30.0,50.0,2880.0,5.0,0.089,20.59,59.5
1,9,1,1,0.62,35.0,50.0,2880.0,5.0,0.089,20.59,55.94
1,9,1,1,0.62,25.0,10.0,2880.0,5.0,0.089,20.59,35.0
1,9,1,1,0.62,25.0,25.0,2880.0,5.0,0.089,20.59,75.0
1,9,1,1,0.62,25.0,50.0,2880.0,5.0,0.089,20.59,105.0
1,9,1,1,0.62,25.0,100.0,2880.0,5.0,0.089,20.59,125.0
1,9,1,1,0.62,25.0,200.0,2880.0,5.0,0.089,20.59,149.5
1,10,1,2,0.5,25.0,50.0,360.0,4.0,0.03391428571428572,11.199999999999996,72.0
1,10,1,2,0.5,25.0,50.0,120.0,4.0,0.03391428571428572,11.199999999999996,57.6
1,10,1,2,0.5,25.0,1.0,360.0,4.0,0.03391428571428572,11.199999999999996,5.0
1,10,1,2,0.5,25.0,5.0,360.0,4.0,0.03391428571428572,11.199999999999996,25.0
1,10,1,2,0.5,25.0,10.0,360.0,4.0,0.03391428571428572,11.199999999999996,45.0
1,10,1,2,0.5,25.0,20.0,360.0,4.0,0.03391428571428572,11.199999999999996,75.0
1,10,1,2,0.5,25.0,35.0,360.0,4.0,0.03391428571428572,11.199999999999996,107.7
1,10,1,2,0.5,25.0,50.0,360.0,2.0,0.03391428571428572,11.199999999999996,33.0
1,10,1,2,0.5,25.0,50.0,360.0,3.0,0.03391428571428572,11.199999999999996,66.0
1,10,1,2,0.5,25.0,50.0,360.0,4.0,0.03391428571428572,11.199999999999996,33.0
1,10,1,2,0.5,25.0,50.0,360.0,5.0,0.03391428571428572,11.199999999999996,30.0
1,10,1,2,0.5,25.0,50.0,360.0,6.0,0.03391428571428572,11.199999999999996,28.0
1,10,1,2,0.5,25.0,50.0,360.0,7.0,0.03391428571428572,11.199999999999996,18.0
1,10,1,2,0.5,25.0,50.0,360.0,2.0,0.03391428571428572,11.199999999999996,35.0
1,10,1,2,0.5,25.0,50.0,360.0,3.0,0.03391428571428572,11.199999999999996,66.0
1,10,1,2,0.5,25.0,50.0,360.0,4.0,0.03391428571428572,11.199999999999996,75.0
1,10,1,2,0.5,25.0,50.0,360.0,5.0,0.03391428571428572,11.199999999999996,35.0
1,10,1,2,0.5,25.0,50.0,360.0,6.0,0.03391428571428572,11.199999999999996,28.0
1,10,1,2,0.5,25.0,50.0,360.0,7.0,0.03391428571428572,11.199999999999996,18.0
1,10,0,0,1.0,25.0,25.0,1440.0,3.0,0.08899999999999998,35.20000000000001,18.0
1,10,0,0,1.0,25.0,50.0,1440.0,3.0,0.08899999999999998,35.20000000000001,35.0
1,10,0,0,1.0,25.0,100.0,1440.0,3.0,0.08899999999999998,35.20000000000001,58.0
1,10,0,0,1.0,25.0,200.0,1440.0,3.0,0.08899999999999998,35.20000000000001,72.0
1,10,0,0,1.0,25.0,300.0,1440.0,3.0,0.08899999999999998,35.20000000000001,78.0
1,10,0,0,1.0,25.0,400.0,1440.0,3.0,0.08899999999999998,35.20000000000001,81.0
1,10,0,0,1.0,25.0,500.0,1440.0,3.0,0.08899999999999998,35.20000000000001,82.5
1,10,1,2,0.15,20.0,10.0,1440.0,6.0,0.016,11.2,95.25
1,10,1,2,0.15,20.0,10.0,90.0,6.0,0.016,11.2,48.0
1,10,1,2,0.15,20.0,10.0,360.0,6.0,0.016,11.2,72.0
1,10,1,2,0.15,20.0,10.0,1440.0,3.0,0.016,11.2,82.0
1,10,1,2,0.15,20.0,10.0,1440.0,4.0,0.016,11.2,78.0
1,10,1,2,0.15,20.0,10.0,1440.0,5.0,0.016,11.2,72.0
1,10,1,2,0.15,20.0,10.0,1440.0,6.0,0.016,11.2,68.0
1,10,1,2,0.15,20.0,10.0,1440.0,7.0,0.016,11.2,48.0
1,10,1,2,0.15,20.0,10.0,1440.0,8.0,0.016,11.2,35.0
1,10,1,2,0.15,20.0,10.0,1440.0,9.0,0.016,11.2,25.0
1,10,1,2,0.15,20.0,10.0,1440.0,10.0,0.016,11.2,15.0
1,10,1,2,0.15,20.0,10.0,1440.0,11.0,0.016,11.2,8.0
1,10,1,2,0.15,20.0,10.0,1440.0,12.0,0.016,11.2,5.0
1,10,1,2,0.15,20.0,20.0,1440.0,6.0,0.016,11.2,82.0
1,10,1,2,0.15,20.0,40.0,1440.0,6.0,0.016,11.2,88.0
1,10,1,2,0.15,20.0,60.0,1440.0,6.0,0.016,11.2,92.0
1,10,1,2,0.15,20.0,80.0,1440.0,6.0,0.016,11.2,94.0
1,10,1,2,0.15,20.0,100.0,1440.0,6.0,0.016,11.2,95.25
1,10,0,0,0.5,24.0,11.0,120.0,6.0,0.08678260869565217,10.78,18.0
1,10,0,0,0.5,24.0,22.5,120.0,6.0,0.08678260869565217,10.78,35.0
1,10,0,0,0.5,24.0,31.0,120.0,6.0,0.08678260869565217,10.78,42.0
1,10,0,0,0.5,24.0,37.5,120.0,6.0,0.08678260869565217,10.78,45.0
1,10,0,0,0.5,24.0,48.5,120.0,6.0,0.08678260869565217,10.78,47.0
1,10,0,0,0.5,24.0,50.0,120.0,5.50603804983358,0.08678260869565217,10.78,43.0189124763875
1,10,0,0,0.5,24.0,50.0,120.0,6.62943015201943,0.08678260869565217,10.78,39.6973104254745
1,10,0,0,0.5,24.0,50.0,120.0,7.75563326436988,0.08678260869565217,10.78,31.0376000719618
1,10,0,0,0.5,24.0,50.0,120.0,8.86890572996311,0.08678260869565217,10.78,16.9331879104074
1,10,0,0,0.5,24.0,50.0,120.0,9.98959926239093,0.08678260869565217,10.78,18.7361698299901
1,10,0,0,0.5,24.0,50.0,120.0,11.0962377439956,0.08678260869565217,10.78,17.2296932625708
1,10,0,0,0.5,24.0,10.0,120.0,6.0,0.08678260869565217,10.78,19.2
1,10,0,0,0.5,24.0,50.0,120.0,6.0,0.08678260869565217,10.78,38.27
1,10,0,0,0.5,4.0,50.0,120.0,6.0,0.08678260869565217,10.78,48.5
1,10,0,0,0.5,24.0,50.0,120.0,6.0,0.08678260869565217,10.78,47.28
1,10,0,0,0.5,30.0,50.0,120.0,6.0,0.08600000000000003,10.78,45.0
1,10,0,0,0.5,40.0,50.0,120.0,6.0,0.08600000000000003,10.78,42.0
1,10,1,1,0.5,24.0,11.5,120.0,6.0,0.0469,12.47,19.0
1,10,1,1,0.5,24.0,25.0,120.0,6.0,0.0469,12.47,40.0
1,10,1,1,0.5,24.0,36.0,120.0,6.0,0.0469,12.47,52.0
1,10,1,1,0.5,24.0,43.0,120.0,6.0,0.0469,12.47,56.0
1,10,1,1,0.5,24.0,48.5,120.0,6.0,0.0469,12.47,57.0
1,10,1,1,0.5,24.0,50.0,120.0,4.3851196365926,0.0469,10.78,41.6429792210128
1,10,1,1,0.5,24.0,50.0,120.0,1.07082621210758,0.0469,12.47,16.6960510929207
1,10,1,1,0.5,24.0,50.0,120.0,2.17538454619051,0.0469,12.47,28.6416074480525
1,10,1,1,0.5,24.0,50.0,120.0,3.29377305028334,0.0469,12.47,52.7580507331114
1,10,1,1,0.5,24.0,50.0,120.0,4.3851196365926,0.0469,12.47,52.7459071692003
1,10,1,1,0.5,24.0,50.0,120.0,5.50603804983358,0.0469,12.47,54.1223464064046
1,10,1,1,0.5,24.0,50.0,120.0,6.62943015201943,0.0469,12.47,48.5585702077898
1,10,1,1,0.5,24.0,50.0,120.0,7.75563326436988,0.0469,12.47,40.0054533597193
1,10,1,1,0.5,24.0,50.0,120.0,8.86890572996311,0.0469,12.47,28.4635018440226
1,10,1,1,0.5,24.0,50.0,120.0,9.98959926239093,0.0469,12.47,24.9283754610056
1,10,1,1,0.5,24.0,50.0,120.0,11.0962377439956,0.0469,12.47,22.7809885760547
1,10,1,1,0.5,24.0,10.0,120.0,6.0,0.0469,12.47,19.13
1,10,1,1,0.5,24.0,50.0,120.0,6.0,0.0469,12.47,53.14
1,10,1,1,0.5,24.0,10.0,120.0,6.0,0.0469,10.16,17.2
1,10,1,1,0.5,24.0,50.0,120.0,6.0,0.0469,10.16,31.35
1,10,1,1,0.5,4.0,50.0,120.0,6.0,0.0469,12.47,58.5
1,10,1,1,0.5,24.0,50.0,120.0,6.0,0.0469,12.47,57.84
1,10,1,1,0.5,30.0,50.0,120.0,6.0,0.0469,12.47,55.0
1,10,1,1,0.5,40.0,50.0,120.0,6.0,0.0469,12.47,52.0
1,11,1,2,10.0,25.0,15.5,1440.0,7.0,0.08899999999999998,11.199999999999996,15.5
1,11,1,2,10.0,25.0,31.0,1440.0,7.0,0.08899999999999998,11.199999999999996,31.0
1,11,1,2,10.0,25.0,62.0,1440.0,7.0,0.08899999999999998,11.199999999999996,34.1
1,11,1,2,10.0,25.0,124.0,1440.0,7.0,0.08899999999999998,11.199999999999996,34.1
1,11,1,2,10.0,25.0,248.0,1440.0,7.0,0.08899999999999998,11.199999999999996,34.1
1,11,1,2,10.0,15.0,62.0,1440.0,7.0,0.08899999999999998,11.199999999999996,31.6
1,11,1,2,10.0,35.0,62.0,1440.0,7.0,0.08899999999999998,11.199999999999996,34.8
1,11,1,2,10.0,25.0,31.0,10.0,7.0,0.0469,11.199999999999996,20.0
1,11,1,2,10.0,25.0,31.0,30.0,7.0,0.0469,11.199999999999996,28.0
1,11,1,2,10.0,25.0,31.0,60.0,7.0,0.0469,11.199999999999996,32.0
1,11,1,2,10.0,25.0,31.0,180.0,7.0,0.0469,11.199999999999996,34.0
1,11,1,2,10.0,25.0,31.0,1440.0,4.0,0.08899999999999998,11.199999999999996,12.0
1,11,1,2,10.0,25.0,31.0,1440.0,5.0,0.08899999999999998,11.199999999999996,22.0
1,11,1,2,10.0,25.0,31.0,1440.0,6.0,0.08899999999999998,11.199999999999996,34.0
1,11,1,2,10.0,25.0,31.0,1440.0,7.0,0.08899999999999998,11.199999999999996,30.0
1,11,1,2,10.0,25.0,31.0,1440.0,8.0,0.08899999999999998,11.199999999999996,23.0
1,11,1,2,10.0,25.0,31.0,1440.0,9.0,0.08899999999999998,11.199999999999996,12.0
1,11,1,2,10.0,25.0,31.0,1440.0,10.0,0.08899999999999998,11.199999999999996,8.0
1,11,1,2,14.0,25.0,4.0,1440.0,7.0,0.08899999999999998,11.199999999999996,4.0
1,11,1,0,10.0,25.0,26.4,180.0,7.27,0.12000000000000008,94.23859459459457,26.4
1,12,0,0,1.0,25.0,25.0,1440.0,3.0,0.089,35.2,45.0
1,12,0,0,1.0,25.0,50.0,1440.0,3.0,0.089,35.2,85.0
1,12,0,0,1.0,25.0,100.0,1440.0,3.0,0.089,35.2,165.0
1,12,0,0,1.0,25.0,200.0,1440.0,3.0,0.089,35.2,188.0
1,12,0,0,1.0,25.0,300.0,1440.0,3.0,0.089,35.2,193.0
1,12,0,0,1.0,25.0,400.0,1440.0,3.0,0.089,35.2,194.0
1,12,0,0,1.0,25.0,500.0,1440.0,3.0,0.089,35.2,195.3
1,12,0,0,1.0,25.0,50.0,10.0,3.0,0.089,35.2,36.0
1,12,0,0,1.0,25.0,50.0,30.0,3.0,0.089,35.2,59.0
1,12,0,0,1.0,25.0,50.0,60.0,3.0,0.089,35.2,72.0
1,12,0,0,1.0,25.0,50.0,100.0,3.0,0.089,35.2,79.0
1,12,0,0,1.0,25.0,50.0,150.0,3.0,0.089,35.2,82.0
1,12,0,0,1.0,25.0,50.0,210.0,3.0,0.089,35.2,48.0
1,12,0,0,1.0,25.0,100.0,10.0,3.0,0.089,35.2,42.0
1,12,0,0,1.0,25.0,100.0,30.0,3.0,0.089,35.2,69.0
1,12,0,0,1.0,25.0,100.0,60.0,3.0,0.089,35.2,83.0
1,12,0,0,1.0,25.0,100.0,100.0,3.0,0.089,35.2,89.0
1,12,0,0,1.0,25.0,100.0,150.0,3.0,0.089,35.2,92.0
1,12,0,0,1.0,25.0,100.0,210.0,3.0,0.089,35.2,94.0
1,12,0,0,1.0,25.0,100.0,300.0,3.0,0.089,35.2,95.0
1,12,0,0,1.0,25.0,100.0,1440.0,3.0,0.089,35.2,195.3
1,12,0,0,1.0,25.0,100.0,1440.0,4.0,0.089,35.2,85.0
1,12,0,0,1.0,25.0,100.0,1440.0,5.0,0.089,35.2,78.0
1,12,0,0,1.0,25.0,100.0,1440.0,6.0,0.089,35.2,72.0
1,12,0,0,1.0,25.0,100.0,1440.0,7.0,0.089,35.2,66.0
1,12,0,0,1.0,25.0,100.0,1440.0,8.0,0.089,35.2,62.0
1,12,0,0,1.0,25.0,100.0,1440.0,9.0,0.089,35.2,56.0
1,12,0,0,1.0,25.0,100.0,1440.0,10.0,0.089,35.2,50.0
1,12,0,0,1.0,25.0,100.0,1440.0,11.0,0.089,35.2,46.0
1,13,0,0,10.0,20.0,10.0,1440.0,4.0,0.08899999999999998,35.20000000000001,11.4
1,13,0,0,10.0,20.0,10.0,1440.0,6.0,0.08899999999999998,10.78,9.9
1,13,0,0,10.0,20.0,10.0,1440.0,7.0,0.08899999999999998,35.2,8.2
1,13,0,0,10.0,20.0,10.0,1440.0,8.0,0.08899999999999998,35.2,3.9
1,13,0,0,10.0,20.0,10.0,1440.0,10.0,0.08899999999999998,35.2,2.2
1,13,0,0,10.0,25.0,10.0,5.0,7.0,0.029,10.78,2.5
1,13,0,0,10.0,25.0,10.0,10.0,7.0,0.029,10.78,4.0
1,13,0,0,10.0,25.0,10.0,20.0,7.0,0.029,10.78,5.5
1,13,0,0,10.0,25.0,10.0,40.0,7.0,0.03911111111111111,10.78,6.5
1,13,0,0,10.0,25.0,10.0,60.0,7.0,0.029,10.78,7.0
1,13,0,0,10.0,25.0,10.0,120.0,7.0,0.029,10.78,7.3
1,13,0,0,10.0,25.0,10.0,240.0,7.0,0.029,10.78,7.4
1,13,0,0,10.0,25.0,10.0,1440.0,7.0,0.08899999999999998,35.2,7.43
1,13,0,0,10.0,25.0,50.0,1440.0,7.0,0.08899999999999998,35.2,11.44
1,13,0,0,10.0,35.0,10.0,1440.0,7.0,0.08899999999999998,35.2,7.9
1,13,0,0,10.0,35.0,50.0,1440.0,7.0,0.08899999999999998,35.2,21.15
1,13,0,0,10.0,20.0,1.0,2880.0,7.0,0.08899999999999998,35.2,2.0
1,13,0,0,10.0,20.0,2.5,2880.0,7.0,0.08899999999999998,35.2,4.0
1,13,0,0,10.0,20.0,5.0,2880.0,7.0,0.08899999999999998,35.2,5.5
1,13,0,0,10.0,20.0,10.0,2880.0,7.0,0.08899999999999998,35.2,8.2
1,13,0,0,10.0,20.0,25.0,2880.0,7.0,0.08899999999999998,35.2,15.0
1,13,0,0,10.0,20.0,50.0,2880.0,7.0,0.08899999999999998,35.2,22.0
1,13,0,0,10.0,20.0,100.0,2880.0,7.0,0.08899999999999998,35.2,35.0
1,13,0,0,10.0,20.0,250.0,2880.0,7.0,0.08899999999999998,35.2,48.0
1,13,0,0,10.0,20.0,500.0,2880.0,7.0,0.08899999999999998,35.2,56.0
1,13,0,0,10.0,20.0,1000.0,2880.0,7.0,0.08899999999999998,35.2,62.5
1,13,0,0,10.0,20.0,10.0,1440.0,7.0,0.08899999999999998,35.2,4.98
1,14,1,1,1.0,25.0,100.0,720.0,5.4,5.558,90.045,72.42
1,14,1,1,1.0,25.0,50.0,720.0,5.4,5.558,90.045,76.0
1,14,1,1,1.0,35.0,100.0,720.0,5.4,5.558,90.045,77.0
1,14,1,1,1.0,45.0,100.0,720.0,5.4,5.558,90.045,82.0
1,14,1,1,0.1,25.0,100.0,720.0,5.4,5.558,90.045,52.0
1,14,1,1,0.5,25.0,100.0,720.0,5.4,5.558,90.045,60.5
1,14,1,1,1.5,25.0,100.0,720.0,5.4,5.558,90.045,58.0
1,14,1,1,2.0,25.0,100.0,720.0,5.4,5.558,90.045,46.0
1,14,1,1,1.0,25.0,100.0,120.0,5.4,5.558,90.045,58.3
1,14,1,1,1.0,25.0,100.0,240.0,5.4,5.558,90.045,65.0
1,14,1,1,1.0,25.0,100.0,480.0,5.4,5.558,90.045,70.0
1,14,1,1,1.0,25.0,100.0,720.0,3.0,5.558,90.045,80.0
1,14,1,1,1.0,25.0,100.0,720.0,4.0,5.558,90.045,77.0
1,14,1,1,1.0,25.0,100.0,720.0,5.0,5.558,90.045,72.0
1,14,1,1,1.0,25.0,100.0,720.0,6.0,5.558,90.045,70.0
1,14,1,1,1.0,25.0,100.0,720.0,7.0,5.558,90.045,68.0
1,14,1,1,1.0,25.0,100.0,720.0,8.0,5.558,90.045,65.0
1,14,1,1,1.0,25.0,100.0,720.0,9.0,5.558,90.045,52.0
1,14,1,1,1.0,25.0,100.0,720.0,10.0,5.558,90.045,57.0
1,14,1,1,1.0,25.0,100.0,720.0,11.0,5.558,90.045,50.0
1,14,1,1,1.0,25.0,200.0,720.0,5.4,5.558,90.045,85.0
1,14,1,1,1.0,25.0,300.0,720.0,5.4,5.558,90.045,95.0
1,14,1,1,1.0,25.0,400.0,720.0,5.4,5.558,90.045,105.0
1,14,1,1,1.0,25.0,500.0,720.0,5.4,5.558,90.045,113.3
1,14,1,1,1.0,35.0,500.0,720.0,5.4,5.558,90.045,116.1
1,14,1,1,1.0,45.0,500.0,720.0,5.4,5.558,90.045,123.5
1,14,1,1,1.0,25.0,1.0,720.0,5.4,5.558,90.045,5.0
1,14,1,1,1.0,25.0,10.0,720.0,5.4,5.558,90.045,25.0
1,15,1,1,1.0,25.0,100.0,720.0,5.4,9.023,38.56,18.5
1,15,1,1,1.0,25.0,50.0,720.0,5.4,9.023,38.56,22.0
1,15,1,1,1.0,35.0,100.0,720.0,5.4,9.023,38.56,20.0
1,15,1,1,1.0,45.0,100.0,720.0,5.4,9.023,38.56,21.5
1,16,1,1,1.0,25.0,100.0,720.0,5.4,6.081,76.879,51.5
1,16,1,1,1.0,25.0,50.0,720.0,5.4,6.081,76.879,65.0
1,16,1,1,1.0,35.0,100.0,720.0,5.4,6.081,76.879,55.0
1,16,1,1,1.0,45.0,100.0,720.0,5.4,6.081,76.879,58.0
1,17,1,1,1.5,22.0,48.0,10.0,5.4,0.2056,21.994,15.0
1,17,1,1,1.5,22.0,48.0,20.0,5.4,0.2056,21.994,20.0
1,17,1,1,1.5,22.0,48.0,30.0,5.4,0.2056,21.994,22.5
1,17,1,1,1.5,22.0,48.0,40.0,5.4,0.2056,21.994,24.0
1,17,1,1,1.5,22.0,48.0,60.0,5.4,0.2056,21.994,25.5
1,17,1,1,1.5,22.0,48.0,120.0,5.4,0.2056,21.994,26.5
1,17,1,1,1.5,22.0,48.0,180.0,5.4,0.2056,21.994,27.0
1,17,1,1,1.5,22.0,15.0,1440.0,4.7,0.08899999999999998,21.994,11.0
1,17,1,1,1.5,22.0,45.0,1440.0,4.7,0.08899999999999998,21.994,26.0
1,17,1,1,1.5,22.0,80.0,1440.0,4.7,0.08899999999999998,21.994,46.0
1,17,1,1,1.5,22.0,200.0,1440.0,4.7,0.08899999999999998,21.994,68.0
1,17,1,1,1.5,22.0,350.0,1440.0,4.7,0.08899999999999998,21.994,78.0
1,17,1,1,1.5,22.0,516.0,1440.0,4.7,0.08899999999999998,21.994,87.0
1,17,1,1,2.0,22.0,48.0,180.0,3.0,0.0469,21.994,18.0
1,17,1,1,2.0,22.0,48.0,180.0,4.0,0.0469,21.994,20.5
1,17,1,1,2.0,22.0,48.0,180.0,5.0,0.0469,21.994,19.0
1,17,1,1,2.0,22.0,48.0,180.0,6.0,0.0469,21.994,18.5
1,17,1,1,2.0,22.0,48.0,180.0,7.0,0.0469,21.994,18.0
1,17,1,1,2.0,22.0,48.0,180.0,8.0,0.0469,21.994,18.5
1,17,1,1,2.0,22.0,48.0,180.0,10.0,0.0469,21.994,19.0
1,17,1,1,2.0,22.0,48.0,180.0,5.4,0.0469,21.994,18.5
1,17,1,1,2.0,22.0,48.0,180.0,5.4,0.0469,21.994,20.0
1,17,1,1,2.0,22.0,48.0,180.0,5.4,0.0469,21.994,20.5
1,17,1,1,2.0,22.0,48.0,180.0,5.4,0.0469,21.994,17.5
1,17,1,1,2.0,22.0,48.0,180.0,5.4,0.0469,21.994,19.5
1,17,1,1,2.0,22.0,48.0,180.0,5.4,0.0469,21.994,15.5
1,18,1,1,1.5,22.0,48.0,10.0,5.4,0.2056,21.994,15.0
1,18,1,1,1.5,22.0,48.0,20.0,5.4,0.2056,21.994,20.0
1,18,1,1,1.5,22.0,48.0,30.0,5.4,0.2056,21.994,22.0
1,18,1,1,1.5,22.0,48.0,40.0,5.4,0.2056,21.994,23.5
1,18,1,1,1.5,22.0,48.0,60.0,5.4,0.2056,21.994,24.5
1,18,1,1,1.5,22.0,48.0,120.0,5.4,0.2056,21.994,25.0
1,18,1,1,1.5,22.0,48.0,180.0,5.4,0.2056,21.994,26.0
1,18,0,0,1.0,25.0,25.0,60.0,3.0,0.08678260869565217,0.15,14.286
1,18,0,0,1.0,25.0,50.0,60.0,3.0,0.08678260869565217,0.15,22.727
1,18,0,0,1.0,25.0,75.0,60.0,3.0,0.08678260869565217,0.15,26.471
1,18,0,0,1.0,25.0,100.0,60.0,3.0,0.068875,0.15,28.571
1,18,0,0,1.0,25.0,150.0,60.0,3.0,0.068875,0.15,30.0
1,18,0,0,1.0,25.0,200.0,60.0,3.0,0.068875,0.15,30.769
1,18,0,0,1.0,25.0,250.0,60.0,3.0,0.068875,0.15,31.25
1,18,0,0,1.0,25.0,300.0,60.0,3.0,0.068875,0.15,31.579
1,18,0,0,1.0,40.0,100.0,60.0,3.0,0.068875,0.15,25.0
1,18,0,0,1.0,50.0,100.0,60.0,3.0,0.068875,0.15,22.0
1,18,0,0,1.0,60.0,100.0,60.0,3.0,0.068875,0.15,19.0
1,18,0,0,1.0,25.0,100.0,60.0,2.0,0.068875,0.15,35.0
1,18,0,0,1.0,25.0,100.0,60.0,4.0,0.068875,0.15,55.0
1,18,0,0,1.0,25.0,100.0,60.0,5.0,0.068875,0.15,38.0
1,18,0,0,1.0,25.0,100.0,60.0,6.0,0.068875,0.15,28.0
1,18,0,0,1.0,25.0,100.0,60.0,7.0,0.068875,0.15,20.0
1,18,0,0,0.25,25.0,100.0,60.0,3.0,0.068875,0.15,15.0
1,18,0,0,0.5,25.0,100.0,60.0,3.0,0.068875,0.15,22.0
1,18,0,0,2.0,25.0,100.0,60.0,3.0,0.029,0.15,30.0
1,18,0,0,3.0,25.0,100.0,60.0,3.0,0.029,0.15,31.0
1,18,0,0,4.0,25.0,100.0,60.0,3.0,0.029,0.15,31.5
1,18,0,0,5.0,25.0,100.0,60.0,3.0,0.029,0.15,32.0
1,19,0,0,0.8,20.0,9.3,2880.0,4.0,0.08899999999999998,13.628999999999998,11.0
1,19,0,0,0.8,20.0,9.3,2880.0,5.0,0.08899999999999998,13.628999999999998,10.2
1,19,0,0,0.8,20.0,9.3,2880.0,6.0,0.08899999999999998,13.628999999999998,9.0
1,19,0,0,0.8,20.0,9.3,2880.0,7.0,0.08899999999999998,13.628999999999998,7.8
1,19,0,0,0.8,20.0,9.3,2880.0,8.0,0.08899999999999998,13.628999999999998,5.5
1,19,0,0,0.8,20.0,9.3,2880.0,9.0,0.08899999999999998,13.628999999999998,3.5
1,19,0,0,0.8,20.0,9.3,2880.0,10.0,0.08899999999999998,13.628999999999998,2.0
1,19,0,0,0.04,20.0,9.3,2880.0,7.0,0.016000000000000007,13.628999999999998,71.7
1,19,0,0,0.08,20.0,9.3,2880.0,7.0,0.016000000000000007,13.628999999999998,60.0
1,19,0,0,0.16,20.0,9.3,2880.0,7.0,0.016000000000000007,13.628999999999998,55.0
1,19,0,0,0.24,20.0,9.3,2880.0,7.0,0.016000000000000007,13.628999999999998,45.0
1,19,0,0,0.32,20.0,9.3,2880.0,7.0,0.016000000000000007,13.628999999999998,38.0
1,19,0,0,0.4,20.0,9.3,2880.0,7.0,0.08899999999999998,13.628999999999998,32.0
1,19,0,0,0.48,20.0,9.3,2880.0,7.0,0.08899999999999998,13.628999999999998,27.0
1,19,0,0,0.56,20.0,9.3,2880.0,7.0,0.08899999999999998,13.628999999999998,23.0
1,19,0,0,0.64,20.0,9.3,2880.0,7.0,0.08899999999999998,13.628999999999998,20.0
1,19,0,0,0.72,20.0,9.3,2880.0,7.0,0.08899999999999998,13.628999999999998,17.0
1,19,0,0,0.8,20.0,9.3,2880.0,7.0,0.08899999999999998,13.628999999999998,15.0
1,19,0,0,0.8,20.0,9.76,5.0,7.0,0.08678260869565217,13.628999999999998,4.5
1,19,0,0,0.8,20.0,9.76,10.0,7.0,0.08678260869565217,13.628999999999998,6.2
1,19,0,0,0.8,20.0,9.76,20.0,7.0,0.08678260869565217,13.628999999999998,7.5
1,19,0,0,0.8,20.0,9.76,40.0,7.0,0.08678260869565217,13.628999999999998,8.7
1,19,0,0,0.8,20.0,9.76,60.0,7.0,0.08678260869565217,13.628999999999998,9.2
1,19,0,0,0.8,20.0,9.76,120.0,7.0,0.08678260869565217,13.628999999999998,9.5
1,19,0,0,0.8,20.0,9.76,180.0,7.0,0.08678260869565217,13.628999999999998,9.6
1,19,0,0,0.8,20.0,9.76,240.0,7.0,0.08678260869565217,13.628999999999998,9.6
1,19,0,0,0.8,20.0,9.76,420.0,7.0,0.08678260869565217,13.628999999999998,9.6
1,19,0,0,0.8,20.0,9.76,1440.0,7.0,0.08899999999999998,13.628999999999998,9.6
1,19,0,0,0.8,20.0,9.76,2880.0,7.0,0.08899999999999998,13.628999999999998,9.6
1,19,0,0,0.8,20.0,0.1,1440.0,7.0,0.08899999999999998,13.628999999999998,2.5
1,19,0,0,0.8,20.0,0.5,1440.0,7.0,0.08899999999999998,13.628999999999998,5.0
1,19,0,0,0.8,20.0,1.0,1440.0,7.0,0.08899999999999998,13.628999999999998,7.0
1,19,0,0,0.8,20.0,2.0,1440.0,7.0,0.08899999999999998,13.628999999999998,10.0
1,19,0,0,0.8,20.0,5.0,1440.0,7.0,0.08899999999999998,13.628999999999998,15.0
1,19,0,0,0.8,20.0,10.0,1440.0,7.0,0.08899999999999998,13.628999999999998,20.0
1,19,0,0,0.8,20.0,20.0,1440.0,7.0,0.08899999999999998,13.628999999999998,26.0
1,19,0,0,0.8,20.0,30.0,1440.0,7.0,0.08899999999999998,13.628999999999998,30.0
1,19,0,0,0.8,20.0,50.0,1440.0,7.0,0.08899999999999998,13.628999999999998,34.0
1,19,0,0,0.8,20.0,75.0,1440.0,7.0,0.08899999999999998,13.628999999999998,36.0
1,19,0,0,0.8,20.0,100.0,1440.0,7.0,0.08899999999999998,13.628999999999998,38.0
1,19,0,0,0.8,20.0,500.0,1440.0,7.0,0.08899999999999998,13.628999999999998,40.0
1,19,0,0,0.8,25.0,9.3,1440.0,7.0,0.08899999999999998,13.628999999999998,9.6
1,19,0,0,0.8,35.0,9.3,1440.0,7.0,0.08899999999999998,13.628999999999998,9.0
1,19,0,0,0.8,45.0,9.3,1440.0,7.0,0.08899999999999998,13.628999999999998,8.4
1,20,0,0,1.0,22.0,20.0,1440.0,8.5,0.08899999999999998,13.628999999999998,25.0
1,20,0,0,1.0,22.0,50.0,1440.0,8.5,0.08899999999999998,13.628999999999998,55.0
1,20,0,0,1.0,22.0,100.0,1440.0,8.5,0.08899999999999998,13.628999999999998,90.0
1,20,0,0,1.0,22.0,150.0,1440.0,8.5,0.08899999999999998,13.628999999999998,110.0
1,20,0,0,1.0,22.0,200.0,1440.0,8.5,0.08899999999999998,13.628999999999998,120.0
1,20,0,0,1.0,22.0,250.0,1440.0,8.5,0.08899999999999998,13.628999999999998,128.0
1,20,0,0,1.0,22.0,300.0,1440.0,8.5,0.08899999999999998,13.628999999999998,133.0
1,20,0,0,0.333,22.0,71.0,0.0,8.5,0.08678260869565217,13.628999999999998,0.0
1,20,0,0,0.333,22.0,71.0,20.0,8.5,0.08678260869565217,13.628999999999998,3.0
1,20,0,0,0.333,22.0,71.0,40.0,8.5,0.08678260869565217,13.628999999999998,5.0
1,20,0,0,0.333,22.0,71.0,60.0,8.5,0.08678260869565217,13.628999999999998,6.0
1,20,0,0,0.333,22.0,71.0,80.0,8.5,0.08678260869565217,13.628999999999998,7.0
1,20,0,0,0.333,22.0,71.0,100.0,8.5,0.08678260869565217,13.628999999999998,7.5
1,20,0,0,0.333,22.0,71.0,120.0,8.5,0.08678260869565217,13.628999999999998,8.0
1,20,0,0,0.333,22.0,71.0,150.0,8.5,0.08678260869565217,13.628999999999998,8.5
1,20,0,0,0.333,22.0,71.0,180.0,8.5,0.08678260869565217,13.628999999999998,21.2
1,20,0,0,1.0,22.0,500.0,1440.0,5.0,0.08899999999999998,13.628999999999998,63.5
1,20,0,0,1.0,22.0,500.0,1440.0,7.0,0.08899999999999998,13.628999999999998,27.4
1,20,0,0,1.0,22.0,500.0,1440.0,9.0,0.08899999999999998,13.628999999999998,36.6
1,20,0,0,1.0,22.0,500.0,1440.0,11.0,0.08899999999999998,13.628999999999998,37.7
1,20,1,1,1.0,22.0,20.0,1440.0,8.5,0.08899999999999998,21.994,20.0
1,20,1,1,1.0,22.0,50.0,1440.0,8.5,0.08899999999999998,21.994,45.0
1,20,1,1,1.0,22.0,100.0,1440.0,8.5,0.08899999999999998,21.994,65.0
1,20,1,1,1.0,22.0,150.0,1440.0,8.5,0.08899999999999998,21.994,75.0
1,20,1,1,1.0,22.0,200.0,1440.0,8.5,0.08899999999999998,21.994,80.0
1,20,1,1,1.0,22.0,250.0,1440.0,8.5,0.08899999999999998,21.994,83.9
1,20,1,1,1.0,22.0,20.0,1440.0,8.5,0.08899999999999998,21.994,18.0
1,20,1,1,1.0,22.0,50.0,1440.0,8.5,0.08899999999999998,21.994,40.0
1,20,1,1,1.0,22.0,100.0,1440.0,8.5,0.08899999999999998,21.994,60.0
1,20,1,1,1.0,22.0,150.0,1440.0,8.5,0.08899999999999998,21.994,72.0
1,20,1,1,1.0,22.0,200.0,1440.0,8.5,0.08899999999999998,21.994,78.0
1,20,1,1,1.0,22.0,250.0,1440.0,8.5,0.08899999999999998,21.994,80.2
1,20,0,0,2.0,25.0,100.0,9.81366459627329,7.0,0.029,11.703428571428573,21.2895927601809
1,20,0,0,2.0,25.0,100.0,20.0,7.0,0.029,11.703428571428573,28.9819004524886
1,20,0,0,2.0,25.0,100.0,29.8136645962732,7.0,0.03911111111111111,11.703428571428573,32.8280542986425
1,20,0,0,2.0,25.0,100.0,40.0,7.0,0.03911111111111111,11.703428571428573,37.0135746606334
1,20,0,0,2.0,25.0,100.0,49.9378881987577,7.0,0.03911111111111111,11.703428571428573,37.0135746606334
1,20,0,0,2.0,25.0,100.0,59.8757763975155,7.0,0.029,11.703428571428573,37.0135746606334
1,21,0,0,1.0,22.0,1.0,120.0,7.0,0.086,13.629,0.88
1,21,0,0,1.0,22.0,2.0,120.0,7.0,0.086,13.629,3.5
1,21,0,0,1.0,22.0,5.0,120.0,7.0,0.086,13.629,9.0
1,21,0,0,1.0,22.0,10.0,120.0,7.0,0.086,13.629,12.5
1,21,0,0,1.0,22.0,20.0,120.0,7.0,0.086,13.629,16.0
1,21,0,0,1.0,22.0,30.0,120.0,7.0,0.086,13.629,18.5
1,21,0,0,1.0,32.0,1.0,120.0,7.0,0.086,13.629,1.79
1,21,0,0,1.0,32.0,2.0,120.0,7.0,0.086,13.629,6.0
1,21,0,0,1.0,32.0,5.0,120.0,7.0,0.086,13.629,12.0
1,21,0,0,1.0,32.0,10.0,120.0,7.0,0.086,13.629,15.5
1,21,0,0,1.0,32.0,20.0,120.0,7.0,0.086,13.629,19.0
1,21,0,0,1.0,32.0,30.0,120.0,7.0,0.086,13.629,21.5
1,21,0,0,1.0,42.0,1.0,120.0,7.0,0.086,13.629,5.48
1,21,0,0,1.0,42.0,2.0,120.0,7.0,0.086,13.629,9.0
1,21,0,0,1.0,42.0,5.0,120.0,7.0,0.086,13.629,15.0
1,21,0,0,1.0,42.0,10.0,120.0,7.0,0.086,13.629,18.0
1,21,0,0,1.0,42.0,20.0,120.0,7.0,0.086,13.629,20.5
1,21,0,0,1.0,42.0,30.0,120.0,7.0,0.086,13.629,22.5
1,21,0,0,1.0,22.0,20.0,1.0,7.0,0.086,13.629,8.0
1,21,0,0,1.0,22.0,20.0,5.0,7.0,0.086,13.629,14.0
1,21,0,0,1.0,22.0,20.0,15.0,7.0,0.086,13.629,15.5
1,21,0,0,1.0,22.0,20.0,30.0,7.0,0.086,13.629,16.0
1,21,0,0,1.0,22.0,20.0,45.0,7.0,0.086,13.629,16.05
1,21,0,0,1.0,22.0,20.0,60.0,7.0,0.086,13.629,16.05
1,21,0,0,1.0,22.0,20.0,90.0,7.0,0.086,13.629,16.05
1,21,0,0,1.0,22.0,20.0,120.0,7.0,0.086,13.629,16.05
1,21,0,0,1.0,22.0,20.0,180.0,7.0,0.086,13.629,16.05
1,21,0,0,1.0,22.0,20.0,240.0,7.0,0.086,13.629,16.05
1,21,0,0,1.0,22.0,20.0,300.0,7.0,0.086,13.629,16.05
1,21,0,0,1.0,42.0,20.0,1.0,7.0,0.086,13.629,12.0
1,21,0,0,1.0,42.0,20.0,5.0,7.0,0.086,13.629,17.0
1,21,0,0,1.0,42.0,20.0,15.0,7.0,0.086,13.629,17.5
1,21,0,0,1.0,42.0,20.0,30.0,7.0,0.086,13.629,18.0
1,21,0,0,1.0,42.0,20.0,45.0,7.0,0.086,13.629,18.1
1,21,0,0,1.0,42.0,20.0,60.0,7.0,0.086,13.629,18.15
1,21,0,0,1.0,42.0,20.0,90.0,7.0,0.086,13.629,18.16
1,21,0,0,1.0,42.0,20.0,120.0,7.0,0.086,13.629,18.16
1,21,0,0,1.0,42.0,20.0,180.0,7.0,0.086,13.629,18.16
1,21,0,0,1.0,42.0,20.0,240.0,7.0,0.086,13.629,18.16
1,21,0,0,1.0,42.0,20.0,300.0,7.0,0.086,13.629,18.16
1,22,0,0,0.5,20.0,0.976852151407311,1440.0,4.0,0.08899999999999998,13.628999999999998,1.76512455516014
1,22,0,0,0.5,20.0,1.98744742801682,1440.0,4.0,0.08899999999999998,13.628999999999998,3.19572953736654
1,22,0,0,0.5,20.0,4.96884503396958,1440.0,4.0,0.08899999999999998,13.628999999999998,4.98932384341637
1,22,0,0,0.5,20.0,9.95761889356195,1440.0,4.0,0.08899999999999998,13.628999999999998,6.24911032028469
1,22,0,0,0.5,20.0,14.9162730507926,1440.0,4.0,0.08899999999999998,13.628999999999998,7.18861209964412
1,22,0,0,0.5,25.0,0.976399223552248,1440.0,4.0,0.08899999999999998,13.628999999999998,1.851
1,22,0,0,0.5,25.0,1.95698802976383,1440.0,4.0,0.08899999999999998,13.628999999999998,2.94
1,22,0,0,0.5,25.0,4.94019734713684,1440.0,4.0,0.08899999999999998,13.628999999999998,4.391
1,22,0,0,0.5,25.0,9.93440634098996,1440.0,4.0,0.08899999999999998,13.628999999999998,4.626
1,22,0,0,0.5,25.0,14.8945325137495,1440.0,4.0,0.08899999999999998,13.628999999999998,5.288
1,22,0,0,0.5,30.0,0.976399223552248,1440.0,4.0,0.08899999999999998,13.628999999999998,1.637
1,22,0,0,0.5,30.0,1.95698802976383,1440.0,4.0,0.08899999999999998,13.628999999999998,2.94
1,22,0,0,0.5,30.0,4.94019734713684,1440.0,4.0,0.08899999999999998,13.628999999999998,3.794
1,22,0,0,0.5,30.0,9.93440634098996,1440.0,4.0,0.08899999999999998,13.628999999999998,5.181
1,22,0,0,0.5,30.0,14.8945325137495,1440.0,4.0,0.08899999999999998,13.628999999999998,5.075
1,22,0,0,0.5,25.0,5.0,1440.0,4.0,0.08899999999999998,13.628999999999998,59.945
1,22,0,0,0.5,25.0,5.0,1440.0,6.0,0.08899999999999998,13.628999999999998,37.241
1,22,0,0,0.5,25.0,5.0,1440.0,8.0,0.08899999999999998,13.628999999999998,41.371
1,22,0,0,0.5,25.0,5.0,1440.0,10.0,0.08899999999999998,13.628999999999998,39.167
1,22,0,0,0.5,25.0,5.0,1440.0,12.0,0.08899999999999998,13.628999999999998,5.464
1,23,0,0,0.1,25.0,5.0,1440.0,7.0,0.016000000000000007,13.628999999999998,11.2
1,23,0,0,0.3,25.0,5.0,1440.0,7.0,0.016000000000000007,13.628999999999998,8.0
1,23,0,0,0.5,25.0,5.0,1440.0,7.0,0.08899999999999998,13.628999999999998,6.3
1,23,0,0,0.7,25.0,5.0,1440.0,7.0,0.08899999999999998,13.628999999999998,6.1
1,23,0,0,0.9,25.0,5.0,1440.0,7.0,0.08899999999999998,13.628999999999998,4.1
1,23,0,0,1.1,25.0,5.0,1440.0,7.0,0.08899999999999998,13.628999999999998,3.9
1,23,0,0,1.3,25.0,5.0,1440.0,7.0,0.08899999999999998,13.628999999999998,3.5
1,23,0,0,1.5,25.0,5.0,1440.0,7.0,0.08899999999999998,13.628999999999998,3.2
1,23,0,0,1.7,25.0,5.0,1440.0,7.0,0.08899999999999998,13.628999999999998,3.0
1,23,0,0,1.9,25.0,5.0,1440.0,7.0,0.08899999999999998,13.628999999999998,2.6
1,24,0,0,0.1,25.0,5.0,1440.0,7.0,9.223,119.76000000000009,10.5
1,24,0,0,0.3,25.0,5.0,1440.0,7.0,9.223,119.76000000000009,5.2
1,24,0,0,0.5,25.0,5.0,1440.0,7.0,9.223,119.76000000000009,4.6
1,24,0,0,0.7,25.0,5.0,1440.0,7.0,9.223,119.76000000000009,4.0
1,24,0,0,0.9,25.0,5.0,1440.0,7.0,9.223,119.76000000000009,2.8
1,24,0,0,1.1,25.0,5.0,1440.0,7.0,9.223,119.76000000000009,2.5
1,24,0,0,1.3,25.0,5.0,1440.0,7.0,9.223,119.76000000000009,2.2
1,24,0,0,1.5,25.0,5.0,1440.0,7.0,9.223,119.76000000000009,2.0
1,24,0,0,1.7,25.0,5.0,1440.0,7.0,9.223,119.76000000000009,1.9
1,24,0,0,1.9,25.0,5.0,1440.0,7.0,9.223,119.76000000000009,1.8
1,25,0,0,0.1,25.0,5.0,1440.0,7.0,9.223,119.76000000000009,11.5
1,25,0,0,0.3,25.0,5.0,1440.0,7.0,9.223,119.76000000000009,8.4
1,25,0,0,0.5,25.0,5.0,1440.0,7.0,9.223,119.76000000000009,6.5
1,25,0,0,0.7,25.0,5.0,1440.0,7.0,9.223,119.76000000000009,6.2
1,25,0,0,0.9,25.0,5.0,1440.0,7.0,9.223,119.76000000000009,4.2
1,25,0,0,1.1,25.0,5.0,1440.0,7.0,9.223,119.76000000000009,4.0
1,25,0,0,1.3,25.0,5.0,1440.0,7.0,9.223,119.76000000000009,3.6
1,25,0,0,1.5,25.0,5.0,1440.0,7.0,9.223,119.76000000000009,3.3
1,25,0,0,1.7,25.0,5.0,1440.0,7.0,9.223,119.76000000000009,3.1
1,25,0,0,1.9,25.0,5.0,1440.0,7.0,9.223,119.76000000000009,2.7
1,26,0,0,2.0,25.0,100.0,540.0,5.0,0.12,119.76,76.15
1,26,0,0,2.0,25.0,10.0,540.0,3.0,0.12,119.76,9.012
1,26,0,0,2.0,25.0,10.0,540.0,4.0,0.12,119.76,9.423
1,26,0,0,2.0,25.0,10.0,540.0,5.0,0.12,119.76,9.64
1,26,0,0,2.0,25.0,10.0,540.0,6.0,0.12,119.76,9.234
1,26,0,0,2.0,25.0,10.0,540.0,7.0,0.12,119.76,8.765
1,26,0,0,2.0,25.0,10.0,540.0,8.0,0.12,119.76,8.234
1,26,0,0,2.0,25.0,10.0,540.0,9.0,0.12,119.76,7.654
1,26,0,0,2.0,25.0,10.0,540.0,10.0,0.12,119.76,6.789
1,26,0,0,2.0,25.0,10.0,540.0,11.0,0.12,119.76,5.678
1,26,0,0,2.0,25.0,10.0,540.0,5.0,0.12,119.76,9.64
1,26,0,0,2.0,25.0,20.0,540.0,5.0,0.12,119.76,18.234
1,26,0,0,2.0,25.0,30.0,540.0,5.0,0.12,119.76,26.789
1,26,0,0,2.0,25.0,40.0,540.0,5.0,0.12,119.76,34.567
1,26,0,0,2.0,25.0,50.0,540.0,5.0,0.12,119.76,42.345
1,26,0,0,2.0,25.0,60.0,540.0,5.0,0.12,119.76,49.876
1,26,0,0,2.0,25.0,80.0,540.0,5.0,0.12,119.76,63.456
1,26,0,0,2.0,25.0,100.0,540.0,5.0,0.12,119.76,76.15
1,26,0,0,2.0,25.0,10.0,30.0,5.0,0.12,119.76,6.234
1,26,0,0,2.0,25.0,10.0,60.0,5.0,0.12,119.76,7.89
1,26,0,0,2.0,25.0,10.0,90.0,5.0,0.12,119.76,8.567
1,26,0,0,2.0,25.0,10.0,120.0,5.0,0.12,119.76,9.012
1,26,0,0,2.0,25.0,10.0,180.0,5.0,0.12,119.76,9.423
1,26,0,0,2.0,25.0,10.0,240.0,5.0,0.12,119.76,9.567
1,26,0,0,2.0,25.0,10.0,360.0,5.0,0.12,119.76,9.623
1,26,0,0,2.0,25.0,10.0,540.0,5.0,0.12,119.76,9.64
1,26,0,0,6.0,25.0,10.0,540.0,7.0,0.12,119.76,1.607
1,26,0,0,6.0,25.0,10.0,540.0,7.0,0.12,119.76,1.45
1,26,0,0,6.0,25.0,10.0,540.0,7.0,0.12,119.76,1.467
1,27,0,0,2.0,25.0,100.0,9.81366459627329,7.0,0.029,119.76000000000009,23.3257918552036
1,27,0,0,2.0,25.0,100.0,20.0,7.0,0.029,119.76000000000009,30.5656108597285
1,27,0,0,2.0,25.0,100.0,29.8136645962732,7.0,0.03911111111111111,119.76000000000009,37.5791855203619
1,27,0,0,2.0,25.0,100.0,40.0,7.0,0.03911111111111111,119.76000000000009,41.4253393665158
1,27,0,0,2.0,25.0,100.0,49.9378881987577,7.0,0.03911111111111111,119.76000000000009,41.3122171945701
1,27,0,0,2.0,25.0,100.0,59.8757763975155,7.0,0.12000000000000008,119.76000000000009,41.4253393665158
1,27,0,0,2.0,25.0,20.0,59.8757763975155,7.0,0.12000000000000008,119.76000000000009,8.03738317757009
1,27,0,0,2.0,25.0,39.6103045142601,59.8757763975155,7.0,0.12000000000000008,119.76000000000009,16.6822429906542
1,27,0,0,2.0,25.0,59.5765079146119,59.8757763975155,7.0,0.12000000000000008,119.76000000000009,25.7943925233644
1,27,0,0,3.0,26.0,79.5454702210574,59.8757763975155,7.0,0.008500000000000006,119.76000000000009,34.6728971962616
1,27,0,0,4.0,27.0,99.5378832292996,59.8757763975155,7.0,0.0085,119.76000000000009,41.5654205607476
1,27,0,0,5.0,28.0,119.599268889885,59.8757763975155,7.0,0.0085,119.76000000000009,42.6168224299065
1,27,0,0,6.0,29.0,139.663413456564,59.8757763975155,7.0,0.0085,119.76000000000009,43.4345794392523
1,27,0,0,7.0,30.0,100.0,59.8757763975155,3.0,0.0085,119.76000000000009,33.2314745857382
1,27,0,0,8.0,31.0,100.0,59.8757763975155,4.99236641221374,0.0085,119.76000000000009,36.585249487991
1,27,0,0,9.0,32.0,100.0,59.8757763975155,6.98473282442747,0.0085,119.76000000000009,39.9390243902438
1,27,0,0,10.0,33.0,100.0,59.8757763975155,9.0,0.0085,119.76000000000009,23.5363526345187
1,27,0,0,11.0,34.0,100.0,59.8757763975155,11.0152671755725,0.0085,119.76000000000009,16.3714857568423
1,28,1,3,0.5,40.0,150.0,20.0,5.0,0.028,118.45,156.333
1,28,1,3,0.5,40.0,150.0,20.0,3.0,0.028,118.45,148.211
1,28,1,3,0.5,40.0,150.0,20.0,5.0,0.028,118.45,156.333
1,28,1,3,0.5,40.0,150.0,20.0,7.0,0.028,118.45,140.542
1,28,1,3,0.5,40.0,150.0,20.0,9.0,0.028,118.45,108.316
1,28,1,3,0.5,40.0,150.0,20.0,11.0,0.028,118.45,82.645
1,28,1,3,0.5,40.0,30.0,20.0,5.0,0.028,118.45,45.232
1,28,1,3,0.5,40.0,60.0,20.0,5.0,0.028,118.45,82.714
1,28,1,3,0.5,40.0,90.0,20.0,5.0,0.028,118.45,115.463
1,28,1,3,0.5,40.0,120.0,20.0,5.0,0.028,118.45,141.847
1,28,1,3,0.5,40.0,150.0,20.0,5.0,0.028,118.45,156.333
1,28,1,3,0.5,40.0,150.0,5.0,5.0,0.028,118.45,98.324
1,28,1,3,0.5,40.0,150.0,10.0,5.0,0.028,118.45,134.672
1,28,1,3,0.5,40.0,150.0,15.0,5.0,0.028,118.45,150.215
1,28,1,3,0.5,40.0,150.0,20.0,5.0,0.028,118.45,156.333
1,28,1,3,0.5,40.0,150.0,30.0,5.0,0.028,118.45,157.142
1,28,1,3,0.5,19.9,150.0,20.0,5.0,0.028,118.45,132.412
1,28,1,3,0.5,24.9,150.0,20.0,5.0,0.028,118.45,142.685
1,28,1,3,0.5,29.9,150.0,20.0,5.0,0.028,118.45,151.203
1,28,1,3,0.5,34.9,150.0,20.0,5.0,0.028,118.45,155.893
1,28,1,3,0.5,39.9,150.0,20.0,5.0,0.028,118.45,156.333
1,28,1,3,0.25,40.0,150.0,20.0,5.0,0.028,118.45,168.742
1,28,1,3,0.5,40.0,150.0,20.0,5.0,0.028,118.45,156.333
1,28,1,3,0.75,40.0,150.0,20.0,5.0,0.028,118.45,140.218
1,28,1,3,1.0,40.0,150.0,20.0,5.0,0.028,118.45,122.576
1,28,1,3,1.25,40.0,150.0,20.0,5.0,0.028,118.45,105.443
1,28,1,3,1.0,34.9,60.0,15.0,8.0,0.028,118.45,41.136
1,28,1,3,0.5,24.9,120.0,25.0,5.0,0.028,118.45,106.351
1,28,1,3,1.0,34.9,120.0,25.0,5.0,0.028,118.45,94.891
1,28,1,3,0.5,24.9,60.0,15.0,5.0,0.028,118.45,69.112
1,28,1,3,0.75,29.9,90.0,20.0,11.0,0.028,118.45,36.923
1,28,1,3,0.75,29.9,30.0,20.0,7.0,0.028,118.45,29.113
1,28,1,3,0.75,29.9,150.0,20.0,7.0,0.028,118.45,116.877
1,28,1,3,0.25,29.9,90.0,20.0,7.0,0.028,118.45,108.27
1,28,1,3,0.5,40.0,180.0,30.0,5.0,0.028,118.45,172.41
1,28,1,3,0.5,35.0,120.0,20.0,5.0,0.028,118.45,145.673
1,29,1,3,0.5,25.0,120.0,30.0,5.0,0.14,147.97,119.873
1,29,1,3,0.75,25.0,90.0,30.0,7.0,0.14,147.97,79.32
1,29,1,3,0.75,25.0,60.0,20.0,6.0,0.14,147.97,65.45
1,29,1,3,0.75,25.0,90.0,30.0,7.0,0.14,147.97,78.18
1,29,1,3,1.25,25.0,120.0,20.0,7.0,0.14,147.97,76.23
1,29,1,3,1.25,25.0,60.0,40.0,5.0,0.14,147.97,60.48
1,29,1,3,1.45,25.0,60.0,40.0,9.0,0.14,147.97,38.21
1,29,1,3,0.75,25.0,90.0,30.0,7.0,0.14,147.97,80.65
1,29,1,3,0.75,25.0,90.0,30.0,7.0,0.14,147.97,80.85
1,29,1,3,0.95,25.0,120.0,40.0,9.0,0.14,147.97,81.36
1,29,1,3,1.45,25.0,120.0,20.0,9.0,0.14,147.97,54.67
1,29,1,3,0.75,25.0,120.0,40.0,5.0,0.14,147.97,106.11
1,29,1,3,0.95,25.0,60.0,20.0,9.0,0.14,147.97,39.02
1,29,1,3,0.75,25.0,30.0,30.0,7.0,0.14,147.97,25.71
1,29,1,3,0.75,25.0,90.0,50.0,7.0,0.14,147.97,79.49
1,29,1,3,0.25,25.0,90.0,30.0,7.0,0.14,147.97,95.35
1,29,1,3,0.75,25.0,150.0,30.0,7.0,0.14,147.97,92.31
1,29,1,3,0.75,25.0,90.0,30.0,7.0,0.14,147.97,78.05
1,29,1,3,0.75,25.0,90.0,30.0,7.0,0.14,147.97,79.29
1,29,1,3,0.75,25.0,90.0,30.0,3.0,0.14,147.97,86.62
1,29,1,3,1.25,25.0,90.0,30.0,7.0,0.14,147.97,53.42
1,29,1,3,0.75,25.0,90.0,10.0,5.0,0.14,147.97,49.11
1,29,1,3,0.75,25.0,90.0,30.0,11.0,0.14,147.97,39.78
1,29,1,3,0.5,25.0,120.0,30.0,3.0,0.14,147.97,86.62
1,29,1,3,0.5,25.0,120.0,30.0,5.0,0.14,147.97,106.11
1,29,1,3,0.5,25.0,120.0,30.0,7.0,0.14,147.97,79.32
1,29,1,3,0.5,25.0,120.0,30.0,9.0,0.14,147.97,54.67
1,29,1,3,0.5,25.0,120.0,30.0,11.0,0.14,147.97,39.78
1,29,1,3,0.5,25.0,30.0,30.0,5.0,0.14,147.97,25.713
1,29,1,3,0.5,25.0,60.0,30.0,5.0,0.14,147.97,49.876
1,29,1,3,0.5,25.0,90.0,30.0,5.0,0.14,147.97,74.215
1,29,1,3,0.5,25.0,120.0,30.0,5.0,0.14,147.97,106.11
1,29,1,3,0.5,25.0,150.0,30.0,5.0,0.14,147.97,119.873
1,29,1,3,0.5,25.0,120.0,10.0,5.0,0.14,147.97,49.11
1,29,1,3,0.5,25.0,120.0,20.0,5.0,0.14,147.97,78.214
1,29,1,3,0.5,25.0,120.0,30.0,5.0,0.14,147.97,106.11
1,29,1,3,0.5,25.0,120.0,40.0,5.0,0.14,147.97,108.233
1,29,1,3,0.5,25.0,120.0,50.0,5.0,0.14,147.97,108.512
1,29,1,3,0.5,24.9,120.0,30.0,5.0,0.14,147.97,110.0
1,29,1,3,0.5,29.9,120.0,30.0,5.0,0.14,147.97,119.0
1,29,1,3,0.5,44.9,120.0,30.0,5.0,0.14,147.97,124.0
1,29,1,3,0.25,25.0,120.0,30.0,5.0,0.14,147.97,133.451
1,29,1,3,0.5,25.0,120.0,30.0,5.0,0.14,147.97,106.11
1,29,1,3,0.75,25.0,120.0,30.0,5.0,0.14,147.97,89.256
1,29,1,3,1.0,25.0,120.0,30.0,5.0,0.14,147.97,76.324
1,29,1,3,1.25,25.0,120.0,30.0,5.0,0.14,147.97,65.782
1,29,1,3,0.5,25.0,180.0,40.0,5.0,0.14,147.97,151.51
1,29,1,3,0.5,25.0,150.0,30.0,5.0,0.14,147.97,119.873
1,30,0,0,2.0,25.0,50.0,30.0,3.0,0.029,54.4,23.52
1,30,0,0,2.0,25.0,50.0,5.0,3.0,0.029,54.4,23.42
1,30,0,0,2.0,25.0,50.0,30.0,2.0,0.029,54.4,21.234
1,30,0,0,2.0,25.0,50.0,30.0,3.0,0.029,54.4,23.52
1,30,0,0,2.0,25.0,50.0,30.0,4.0,0.029,54.4,23.012
1,30,0,0,2.0,25.0,50.0,30.0,5.0,0.029,54.4,22.456
1,30,0,0,2.0,25.0,50.0,30.0,6.0,0.029,54.4,21.89
1,30,0,0,2.0,25.0,50.0,30.0,7.0,0.029,54.4,21.123
1,30,0,0,2.0,25.0,50.0,30.0,8.0,0.029,54.4,20.456
1,30,0,0,2.0,25.0,50.0,30.0,9.0,0.029,54.4,19.234
1,30,0,0,2.0,25.0,50.0,30.0,10.0,0.029,54.4,18.123
1,30,0,0,2.0,25.0,50.0,30.0,11.0,0.029,54.4,16.789
1,30,0,0,2.0,4.9,50.0,30.0,3.0,0.029,54.4,21.234
1,30,0,0,2.0,14.9,50.0,30.0,3.0,0.029,54.4,22.345
1,30,0,0,2.0,24.9,50.0,30.0,3.0,0.029,54.4,23.52
1,30,0,0,2.0,34.9,50.0,30.0,3.0,0.029,54.4,23.89
1,30,0,0,2.0,44.9,50.0,30.0,3.0,0.029,54.4,23.456
1,30,0,0,2.0,25.0,2.0,30.0,3.0,0.029,54.4,2.123
1,30,0,0,2.0,25.0,5.0,30.0,3.0,0.029,54.4,4.567
1,30,0,0,2.0,25.0,10.0,30.0,3.0,0.029,54.4,7.89
1,30,0,0,2.0,25.0,20.0,30.0,3.0,0.029,54.4,12.345
1,30,0,0,2.0,25.0,30.0,30.0,3.0,0.029,54.4,16.789
1,30,0,0,2.0,25.0,40.0,30.0,3.0,0.029,54.4,20.123
1,30,0,0,2.0,25.0,50.0,30.0,3.0,0.029,54.4,23.52
1,30,0,0,2.0,25.0,60.0,30.0,3.0,0.029,54.4,25.123
1,30,0,0,2.0,25.0,80.0,30.0,3.0,0.029,54.4,26.789
1,30,0,0,2.0,25.0,100.0,30.0,3.0,0.029,54.4,27.456
1,30,0,0,2.0,25.0,50.0,5.0,3.0,0.029,54.4,23.42
1,30,0,0,2.0,25.0,50.0,10.0,3.0,0.029,54.4,23.456
1,30,0,0,2.0,25.0,50.0,20.0,3.0,0.029,54.4,23.478
1,30,0,0,2.0,25.0,50.0,30.0,3.0,0.029,54.4,23.52
1,30,0,0,2.0,25.0,50.0,60.0,3.0,0.029,54.4,23.49
1,30,0,0,2.0,25.0,50.0,120.0,3.0,0.029,54.4,23.21
1,30,0,0,2.0,25.0,50.0,180.0,3.0,0.029,54.4,22.89
1,30,0,0,0.5,25.0,50.0,30.0,3.0,0.029,54.4,28.456
1,30,0,0,1.0,25.0,50.0,30.0,3.0,0.029,54.4,25.678
1,30,0,0,2.0,25.0,50.0,30.0,3.0,0.029,54.4,23.52
1,30,0,0,3.0,25.0,50.0,30.0,3.0,0.029,54.4,18.234
1,30,0,0,4.0,25.0,50.0,30.0,3.0,0.029,54.4,14.567
1,30,0,0,2.0,25.0,50.0,30.0,3.0,0.029,54.4,23.01
1,30,0,0,2.0,25.0,50.0,30.0,3.0,0.029,54.4,22.8
1,30,0,0,2.0,25.0,0.3,45.0,7.5,0.029,54.4,0.115
0,0,0,0,10.0,20.0,100.0,1440.0,7.0,0.015,0.103,5.5
0,0,1,1,0.6,25.0,50.0,2880.0,3.0,0.015,2.9,3.0
0,0,1,1,0.6,25.0,50.0,2880.0,5.0,0.015,2.9,8.0
0,0,1,1,0.6,25.0,50.0,2880.0,7.0,0.015,2.9,12.0
0,0,1,1,0.6,25.0,10.0,2880.0,5.0,0.015,2.9,5.0
0,0,1,1,0.6,25.0,25.0,2880.0,5.0,0.015,2.9,7.0
0,0,1,1,0.6,25.0,50.0,2880.0,5.0,0.015,2.9,8.5
0,0,1,1,0.6,25.0,100.0,2880.0,5.0,0.015,2.9,9.5
0,0,1,1,0.6,25.0,200.0,2880.0,5.0,0.015,2.9,10.2
0,0,1,2,0.5,25.0,50.0,360.0,4.0,0.03391428571428572,4.00145,20.0
0,0,1,2,10.0,25.0,31.0,1440.0,7.0,0.015,3.6862999999999997,12.4
0,0,1,2,1.0,23.0,1.0,1440.0,3.0,0.015,0.056,1.034
0,0,1,2,1.0,23.0,10.0,1440.0,3.0,0.015,0.056,10.671
0,0,1,2,1.0,23.0,150.0,1440.0,3.0,0.015,0.056,101.841
0,0,1,2,1.0,23.0,150.0,120.0,3.0,0.03391428571428572,0.056,104.83
0,0,1,2,1.0,23.0,150.0,120.0,3.0,0.03391428571428572,0.056,98.49
0,0,1,2,1.0,23.0,150.0,120.0,5.0,0.03391428571428572,0.056,30.0
0,0,1,2,1.0,23.0,150.0,120.0,7.0,0.03391428571428572,0.056,7.5
0,0,1,2,1.0,23.0,150.0,120.0,9.0,0.03391428571428572,0.056,15.0
0,0,1,2,1.0,23.0,150.0,120.0,11.0,0.03391428571428572,0.056,4.5
0,0,1,2,1.0,23.0,1.0,360.0,3.0,0.03391428571428572,0.056,25.0
0,0,1,2,1.0,23.0,10.0,360.0,3.0,0.03391428571428572,0.056,65.0
0,0,1,2,1.0,23.0,50.0,360.0,3.0,0.03391428571428572,0.056,95.0
0,0,1,2,1.0,23.0,100.0,360.0,3.0,0.03391428571428572,0.056,118.0
0,0,1,2,1.0,23.0,150.0,360.0,3.0,0.03391428571428572,0.056,135.0
0,0,1,2,1.0,23.0,200.0,360.0,3.0,0.03391428571428572,0.056,140.0
0,0,1,2,1.0,23.0,150.0,360.0,3.0,0.03391428571428572,0.056,101.0
0,0,1,2,1.0,23.0,150.0,360.0,3.0,0.03391428571428572,0.056,96.0
0,0,1,2,1.0,23.0,150.0,360.0,3.0,0.03391428571428572,0.056,89.0
0,0,1,2,1.0,23.0,10.0,360.0,3.0,0.03391428571428572,0.056,10.7
0,0,1,2,1.0,23.0,10.0,360.0,3.0,0.03391428571428572,0.056,9.5
0,0,1,2,1.0,23.0,10.0,360.0,3.0,0.03391428571428572,0.056,8.3
0,0,1,2,1.0,23.0,1.4,120.0,3.0,0.03391428571428572,0.056,0.98
0,0,1,2,1.0,23.0,1.4,1440.0,3.0,0.015,0.056,1.09
0,0,0,0,1.0,23.0,1.0,1440.0,3.0,0.015,0.103,0.649
0,0,0,0,1.0,23.0,10.0,1440.0,3.0,0.015,0.103,9.006
0,0,0,0,1.0,23.0,150.0,1440.0,3.0,0.015,0.103,79.992
0,0,0,0,1.0,23.0,150.0,120.0,3.0,0.089,0.103,79.99
0,0,0,0,1.0,23.0,150.0,120.0,3.0,0.089,0.103,73.41
0,0,0,0,1.0,23.0,1.0,360.0,3.0,0.08678260869565217,0.103,15.0
0,0,0,0,1.0,23.0,10.0,360.0,3.0,0.08678260869565217,0.103,35.0
0,0,0,0,1.0,23.0,50.0,360.0,3.0,0.08678260869565217,0.103,60.0
0,0,0,0,1.0,23.0,100.0,360.0,3.0,0.089,0.103,78.0
0,0,0,0,1.0,23.0,150.0,360.0,3.0,0.089,0.103,85.0
0,0,0,0,1.0,23.0,200.0,360.0,3.0,0.089,0.103,88.0
0,0,0,0,1.0,23.0,150.0,360.0,3.0,0.089,0.103,80.0
0,0,0,0,1.0,23.0,150.0,360.0,3.0,0.089,0.103,86.0
0,0,0,0,1.0,23.0,150.0,360.0,3.0,0.089,0.103,78.0
0,0,0,0,1.0,23.0,10.0,360.0,3.0,0.08678260869565217,0.103,9.5
0,0,0,0,1.0,23.0,10.0,360.0,3.0,0.08678260869565217,0.103,7.0
0,0,0,0,1.0,23.0,10.0,360.0,3.0,0.08678260869565217,0.103,7.0
0,0,0,0,2.0,25.0,100.0,9.81366459627329,7.0,0.029,0.103,3.19004524886877
0,0,0,0,2.0,25.0,100.0,20.0,7.0,0.029,0.103,3.98190045248869
0,0,0,0,2.0,25.0,100.0,29.8136645962732,7.0,0.03911111111111111,0.103,5.0
0,0,0,0,2.0,25.0,100.0,40.0,7.0,0.03911111111111111,0.103,7.14932126696832
0,0,0,0,2.0,25.0,100.0,49.9378881987577,7.0,0.03911111111111111,0.103,7.48868778280543
0,0,0,0,2.0,25.0,100.0,59.8757763975155,7.0,0.029,0.103,7.82805429864253
0,0,1,2,1.0,30.0,100.0,90.0,3.0,0.035,8.5,33.9
0,0,1,2,1.0,30.0,10.0,180.0,2.0,0.035,8.5,7.234
0,0,1,2,1.0,30.0,10.0,180.0,3.0,0.035,8.5,8.692
0,0,1,2,1.0,30.0,10.0,180.0,4.0,0.035,8.5,8.123
0,0,1,2,1.0,30.0,10.0,180.0,5.0,0.035,8.5,7.456
0,0,1,2,1.0,30.0,10.0,180.0,6.0,0.035,8.5,6.234
0,0,1,2,1.0,30.0,10.0,180.0,7.0,0.035,8.5,4.876
0,0,1,2,1.0,30.0,10.0,180.0,8.0,0.035,8.5,3.432
0,0,1,2,1.0,30.0,10.0,180.0,9.0,0.035,8.5,2.345
0,0,1,2,1.0,30.0,10.0,180.0,3.0,0.035,8.5,8.692
0,0,1,2,1.0,30.0,20.0,180.0,3.0,0.035,8.5,15.234
0,0,1,2,1.0,30.0,30.0,180.0,3.0,0.035,8.5,20.567
0,0,1,2,1.0,30.0,40.0,180.0,3.0,0.035,8.5,24.789
0,0,1,2,1.0,30.0,50.0,180.0,3.0,0.035,8.5,28.123
0,0,1,2,1.0,30.0,60.0,180.0,3.0,0.035,8.5,30.456
0,0,1,2,1.0,30.0,80.0,180.0,3.0,0.035,8.5,32.345
0,0,1,2,1.0,30.0,100.0,180.0,3.0,0.035,8.5,33.9
0,0,1,2,1.0,30.0,10.0,10.0,3.0,0.035,8.5,3.123
0,0,1,2,1.0,30.0,10.0,20.0,3.0,0.035,8.5,5.678
0,0,1,2,1.0,30.0,10.0,30.0,3.0,0.035,8.5,7.234
0,0,1,2,1.0,30.0,10.0,40.0,3.0,0.035,8.5,8.234
0,0,1,2,1.0,30.0,10.0,50.0,3.0,0.035,8.5,8.567
0,0,1,2,1.0,30.0,10.0,60.0,3.0,0.035,8.5,8.765
0,0,1,2,1.0,30.0,10.0,90.0,3.0,0.035,8.5,8.87
0,0,1,2,1.0,30.0,10.0,120.0,3.0,0.035,8.5,8.87
0,0,1,2,0.2,30.0,10.0,180.0,3.0,0.035,8.5,26.45
0,0,1,2,0.4,30.0,10.0,180.0,3.0,0.035,8.5,19.23
0,0,1,2,0.6,30.0,10.0,180.0,3.0,0.035,8.5,12.34
0,0,1,2,0.8,30.0,10.0,180.0,3.0,0.035,8.5,7.89
0,0,1,2,1.0,30.0,10.0,180.0,3.0,0.035,8.5,6.89
0,0,1,2,1.2,30.0,10.0,180.0,3.0,0.035,8.5,6.12
0,0,1,2,1.5,30.0,10.0,180.0,3.0,0.035,8.5,5.23
0,0,1,2,2.0,30.0,10.0,180.0,3.0,0.035,8.5,4.58
0,0,1,2,1.0,40.0,100.0,90.0,3.0,0.035,8.5,25.126
0,0,1,2,1.0,50.0,100.0,90.0,3.0,0.035,8.5,23.256
0,0,1,2,1.0,30.0,10.0,180.0,3.0,0.035,8.5,6.89
0,0,0,0,0.1,25.0,5.0,1440.0,7.0,0.016000000000000007,0.103,7.2
0,0,0,0,0.3,25.0,5.0,1440.0,7.0,0.016000000000000007,0.103,3.2
0,0,0,0,0.5,25.0,5.0,1440.0,7.0,0.015,0.103,1.3
0,0,0,0,0.7,25.0,5.0,1440.0,7.0,0.015,0.103,1.4
0,0,0,0,0.9,25.0,5.0,1440.0,7.0,0.015,0.103,0.8
0,0,0,0,1.1,25.0,5.0,1440.0,7.0,0.015,0.103,0.7
0,0,0,0,1.3,25.0,5.0,1440.0,7.0,0.015,0.103,0.6
0,0,0,0,1.5,25.0,5.0,1440.0,7.0,0.015,0.103,0.5
0,0,0,0,1.7,25.0,5.0,1440.0,7.0,0.015,0.103,0.4
0,0,0,0,1.9,25.0,5.0,1440.0,7.0,0.015,0.103,0.3
0,0,0,0,2.0,25.0,30.0,1440.0,5.25,0.015,0.103,8.893
0,0,0,0,2.0,25.0,30.0,1440.0,5.25,0.015,0.103,9.26
0,0,0,0,2.0,25.0,30.0,1440.0,5.25,0.015,0.103,14.1
0,0,0,0,2.0,25.0,30.0,1440.0,5.25,0.015,0.103,15.2
0,0,0,0,2.0,25.0,30.0,1.0,5.25,0.029,0.103,2.232
0,0,0,0,2.0,25.0,30.0,5.0,5.25,0.029,0.103,5.456
0,0,0,0,2.0,25.0,30.0,15.0,5.25,0.029,0.103,7.286
0,0,0,0,2.0,25.0,30.0,30.0,5.25,0.03911111111111111,0.103,8.03
0,0,0,0,2.0,25.0,30.0,60.0,5.25,0.029,0.103,8.432
0,0,0,0,2.0,25.0,30.0,120.0,5.25,0.029,0.103,8.74
0,0,0,0,2.0,25.0,30.0,240.0,5.25,0.029,0.103,8.83
0,0,0,0,2.0,25.0,30.0,480.0,5.25,0.029,0.103,8.88
0,0,0,0,2.0,25.0,30.0,720.0,5.25,0.015,0.103,8.893
0,0,0,0,2.0,25.0,30.0,1440.0,5.25,0.015,0.103,8.893
0,0,0,0,2.0,25.0,30.0,1.0,5.25,0.029,0.103,6.82
0,0,0,0,2.0,25.0,30.0,5.0,5.25,0.029,0.103,9.982
0,0,0,0,2.0,25.0,30.0,15.0,5.25,0.029,0.103,11.593
0,0,0,0,2.0,25.0,30.0,30.0,5.25,0.03911111111111111,0.103,12.214
0,0,0,0,2.0,25.0,30.0,60.0,5.25,0.029,0.103,12.833
0,0,0,0,2.0,25.0,30.0,120.0,5.25,0.029,0.103,13.3
0,0,0,0,2.0,25.0,30.0,240.0,5.25,0.029,0.103,13.6
0,0,0,0,2.0,25.0,30.0,480.0,5.25,0.029,0.103,13.9
0,0,0,0,2.0,25.0,30.0,720.0,5.25,0.015,0.103,14.05
0,0,0,0,2.0,25.0,30.0,1440.0,5.25,0.015,0.103,14.1
0,0,0,0,2.0,25.0,30.0,1440.0,5.25,0.015,0.103,6.82
0,0,0,0,2.0,25.0,60.0,1440.0,5.25,0.015,0.103,9.455
0,0,0,0,2.0,25.0,90.0,1440.0,5.25,0.015,0.103,12.276
0,0,0,0,2.0,25.0,30.0,1440.0,5.25,0.015,0.103,12.462
0,0,0,0,2.0,25.0,60.0,1440.0,5.25,0.015,0.103,21.046
0,0,0,0,2.0,25.0,90.0,1440.0,5.25,0.015,0.103,25.049
0,0,0,0,2.0,25.0,30.0,1440.0,5.25,0.015,0.103,9.796
0,0,0,0,2.0,25.0,60.0,1440.0,5.25,0.015,0.103,18.289
0,0,0,0,2.0,25.0,90.0,1440.0,5.25,0.015,0.103,23.251
0,0,0,0,2.0,25.0,30.0,1440.0,5.25,0.015,0.103,11.129
0,0,0,0,2.0,25.0,60.0,1440.0,5.25,0.015,0.103,20.306
0,0,0,0,2.0,25.0,90.0,1440.0,5.25,0.015,0.103,24.613
0,0,1,4,1.0,22.0,9.5,30.0,3.0,0.08678260869565217,21.994,2.973
0,0,1,4,1.0,22.0,47.48,30.0,3.0,0.08678260869565217,21.994,11.159
0,0,1,4,1.0,22.0,94.97,30.0,3.0,0.068875,21.994,17.123
0,0,1,4,1.0,22.0,9.5,30.0,3.0,0.08678260869565217,21.994,1.629
0,0,1,4,1.0,22.0,47.48,30.0,3.0,0.08678260869565217,21.994,6.662
0,0,1,4,1.0,22.0,94.97,30.0,3.0,0.068875,21.994,8.319
0,0,1,4,1.0,22.0,9.5,30.0,3.0,0.08678260869565217,21.994,1.724
0,0,1,4,1.0,22.0,47.48,30.0,3.0,0.08678260869565217,21.994,6.677
0,0,1,4,1.0,22.0,94.97,30.0,3.0,0.068875,21.994,10.546
0,0,1,2,1.0,22.0,9.5,120.0,3.0,0.03391428571428572,0.056,8.091
0,0,1,2,1.0,22.0,47.48,120.0,3.0,0.03391428571428572,0.056,34.607
0,0,1,2,1.0,22.0,94.97,120.0,3.0,0.03391428571428572,0.056,53.696
0,0,1,2,1.0,22.0,9.5,120.0,3.0,0.03391428571428572,0.056,2.512
0,0,1,2,1.0,22.0,47.48,120.0,3.0,0.03391428571428572,0.056,10.26
0,0,1,2,1.0,22.0,94.97,120.0,3.0,0.03391428571428572,0.056,17.272
0,0,1,2,1.0,22.0,9.5,120.0,3.0,0.03391428571428572,0.056,3.044
0,0,1,2,1.0,22.0,47.48,120.0,3.0,0.03391428571428572,0.056,12.443
0,0,1,2,1.0,22.0,94.97,120.0,3.0,0.03391428571428572,0.056,17.211
0,0,0,0,1.0,22.0,3.1,0.0,4.0,0.08678260869565217,0.103,0.0
0,0,0,0,1.0,22.0,3.1,30.0,4.0,0.08678260869565217,0.103,1.4
0,0,0,0,1.0,22.0,3.1,60.0,4.0,0.08678260869565217,0.103,1.55
0,0,0,0,1.0,22.0,3.1,90.0,4.0,0.08678260869565217,0.103,1.77
0,0,0,0,1.0,22.0,3.1,120.0,4.0,0.08678260869565217,0.103,1.61
0,0,0,0,1.0,22.0,3.1,180.0,4.0,0.08678260869565217,0.103,1.3
0,0,0,0,1.0,22.0,3.1,240.0,4.0,0.08678260869565217,0.103,1.09
0,0,0,0,1.0,22.0,3.1,300.0,4.0,0.08678260869565217,0.103,0.93
0,0,0,0,1.0,22.0,15.5,60.0,4.0,0.08678260869565217,0.103,4.37
0,0,0,0,1.0,22.0,31.0,60.0,4.0,0.08678260869565217,0.103,6.54
0,0,0,0,1.0,22.0,2.17,90.0,4.0,0.08678260869565217,0.103,1.55
0,0,0,0,1.0,22.0,4.65,90.0,4.0,0.08678260869565217,0.103,3.1
0,0,0,0,1.0,22.0,8.37,90.0,4.0,0.08678260869565217,0.103,5.27
0,0,0,0,1.0,22.0,14.26,90.0,4.0,0.08678260869565217,0.103,8.06
0,0,0,0,1.0,22.0,23.25,90.0,4.0,0.08678260869565217,0.103,10.85
0,0,0,0,1.0,22.0,34.72,90.0,4.0,0.08678260869565217,0.103,13.02
0,0,0,0,1.0,22.0,52.08,90.0,4.0,0.08678260869565217,0.103,14.88
0,0,0,0,1.0,22.0,77.5,90.0,4.0,0.089,0.103,15.5
0,0,0,0,1.0,22.0,3.1,120.0,4.0,0.08678260869565217,0.103,3.04
0,0,0,0,1.0,22.0,3.1,120.0,5.0,0.08678260869565217,0.103,2.17
0,0,0,0,1.0,22.0,3.1,120.0,6.0,0.08678260869565217,0.103,1.09
0,0,0,0,1.0,22.0,3.1,120.0,7.0,0.08678260869565217,0.103,0.56
0,0,0,0,1.0,22.0,3.1,120.0,8.0,0.08678260869565217,0.103,0.31
0,0,0,0,1.0,22.0,3.1,120.0,9.0,0.08678260869565217,0.103,0.19
0,0,0,0,1.0,22.0,3.1,120.0,10.0,0.08678260869565217,0.103,0.12
0,0,0,0,1.0,22.0,3.1,120.0,11.0,0.08678260869565217,0.103,0.06
0,0,0,0,10.0,20.0,10.0,1440.0,7.0,0.015,0.103,2.0
0,0,1,2,5.0,22.0,60.8,180.0,2.0,0.0469,0.056,3.44
0,0,1,2,5.0,22.0,60.8,180.0,6.2,0.0469,0.056,2.56
0,0,1,2,25.0,22.0,60.8,180.0,2.0,0.0469,0.056,1.46
0,0,1,2,25.0,22.0,60.8,180.0,6.2,0.0469,0.056,1.23
0,0,1,2,5.0,22.0,60.8,135.0,2.0,0.0469,0.056,3.28
0,0,1,2,5.0,22.0,60.8,135.0,6.2,0.0469,0.056,2.45
0,0,1,2,25.0,22.0,60.8,45.0,2.0,0.0469,0.056,1.43
0,0,1,2,25.0,22.0,60.8,45.0,6.2,0.0469,0.056,1.2
0,0,1,2,1.0,22.0,60.8,180.0,2.0,0.03391428571428572,0.056,5.0
0,0,1,2,1.0,22.0,60.8,180.0,6.2,0.03391428571428572,0.056,3.5
0,0,1,2,10.0,22.0,60.8,180.0,2.0,0.0469,0.056,2.7
0,0,1,2,10.0,22.0,60.8,180.0,6.2,0.0469,0.056,2.3
0,0,1,2,50.0,22.0,60.8,180.0,2.0,0.0469,0.056,0.97
0,0,1,2,50.0,22.0,60.8,180.0,6.2,0.0469,0.056,0.92
0,0,1,2,0.2,22.0,60.8,180.0,2.0,0.03391428571428572,0.056,8.0
0,0,1,2,0.2,22.0,60.8,180.0,6.2,0.03391428571428572,0.056,6.5
0,0,1,2,2.0,22.0,60.8,180.0,2.0,0.0469,0.056,6.5
0,0,1,2,2.0,22.0,60.8,180.0,6.2,0.0469,0.056,4.5
0,0,1,2,5.0,22.0,60.8,10.0,2.0,0.0469,0.056,2.6
0,0,1,2,5.0,22.0,60.8,10.0,6.2,0.0469,0.056,1.9
0,0,1,2,25.0,22.0,60.8,10.0,2.0,0.0469,0.056,1.3
0,0,1,2,25.0,22.0,60.8,10.0,6.2,0.0469,0.056,1.1
0,0,0,0,5.0,22.0,60.8,180.0,4.0,0.029,0.103,5.44
0,0,0,0,5.0,22.0,60.8,180.0,6.2,0.029,0.103,5.71
0,0,0,0,25.0,22.0,60.8,180.0,4.0,0.029,0.103,1.98
0,0,0,0,25.0,22.0,60.8,180.0,6.2,0.029,0.103,2.06
0,0,0,0,5.0,22.0,60.8,60.0,4.0,0.029,0.103,5.3
0,0,0,0,5.0,22.0,60.8,60.0,6.2,0.029,0.103,5.55
0,0,0,0,25.0,22.0,60.8,20.0,4.0,0.029,0.103,1.91
0,0,0,0,25.0,22.0,60.8,20.0,6.2,0.029,0.103,1.97
0,0,0,0,1.0,22.0,60.8,180.0,6.2,0.08678260869565217,0.103,11.3
0,0,0,0,10.0,22.0,60.8,180.0,6.2,0.029,0.103,4.1
0,0,0,0,50.0,22.0,60.8,180.0,6.2,0.029,0.103,1.13
0,0,0,0,0.2,22.0,60.8,180.0,6.2,0.08678260869565217,0.103,16.0
0,0,0,0,0.2,22.0,60.8,180.0,4.0,0.08678260869565217,0.103,15.0
0,0,0,0,2.0,22.0,60.8,180.0,6.2,0.029,0.103,8.0
0,0,0,0,2.0,22.0,60.8,180.0,4.0,0.029,0.103,7.5
0,0,0,0,5.0,22.0,60.8,10.0,4.0,0.029,0.103,3.6
0,0,0,0,5.0,22.0,60.8,10.0,6.2,0.029,0.103,3.8
0,0,0,0,25.0,22.0,60.8,10.0,4.0,0.029,0.103,1.6
0,0,0,0,25.0,22.0,60.8,10.0,6.2,0.029,0.103,1.7
0,0,1,2,1.0,22.0,10.0,0.0,3.0,0.03391428571428572,0.056,0.0
0,0,1,2,1.0,22.0,10.0,5.0,3.0,0.03391428571428572,0.056,3.0
0,0,1,2,1.0,22.0,10.0,10.0,3.0,0.03391428571428572,0.056,5.0
0,0,1,2,1.0,22.0,10.0,15.0,3.0,0.03391428571428572,0.056,6.0
0,0,1,2,1.0,22.0,10.0,20.0,3.0,0.03391428571428572,0.056,6.8
0,0,1,2,1.0,22.0,10.0,30.0,3.0,0.03391428571428572,0.056,7.2
0,0,1,2,1.0,22.0,10.0,45.0,3.0,0.03391428571428572,0.056,7.5
0,0,1,2,1.0,22.0,10.0,60.0,3.0,0.03391428571428572,0.056,7.7
0,0,1,2,1.0,22.0,10.0,90.0,3.0,0.03391428571428572,0.056,7.86
0,0,1,2,1.0,22.0,50.0,0.0,3.0,0.03391428571428572,0.056,0.0
0,0,1,2,1.0,22.0,50.0,5.0,3.0,0.03391428571428572,0.056,12.0
0,0,1,2,1.0,22.0,50.0,10.0,3.0,0.03391428571428572,0.056,20.0
0,0,1,2,1.0,22.0,50.0,15.0,3.0,0.03391428571428572,0.056,25.0
0,0,1,2,1.0,22.0,50.0,20.0,3.0,0.03391428571428572,0.056,28.0
0,0,1,2,1.0,22.0,50.0,30.0,3.0,0.03391428571428572,0.056,30.0
0,0,1,2,1.0,22.0,50.0,45.0,3.0,0.03391428571428572,0.056,31.0
0,0,1,2,1.0,22.0,50.0,60.0,3.0,0.03391428571428572,0.056,31.5
0,0,1,2,1.0,22.0,50.0,90.0,3.0,0.03391428571428572,0.056,32.0
0,0,1,2,1.0,22.0,100.0,0.0,3.0,0.03391428571428572,0.056,0.0
0,0,1,2,1.0,22.0,100.0,5.0,3.0,0.03391428571428572,0.056,20.0
0,0,1,2,1.0,22.0,100.0,10.0,3.0,0.03391428571428572,0.056,32.0
0,0,1,2,1.0,22.0,100.0,15.0,3.0,0.03391428571428572,0.056,40.0
0,0,1,2,1.0,22.0,100.0,20.0,3.0,0.03391428571428572,0.056,45.0
0,0,1,2,1.0,22.0,100.0,30.0,3.0,0.03391428571428572,0.056,48.0
0,0,1,2,1.0,22.0,100.0,45.0,3.0,0.03391428571428572,0.056,51.0
0,0,1,2,1.0,22.0,100.0,60.0,3.0,0.03391428571428572,0.056,53.0
0,0,1,2,1.0,22.0,100.0,90.0,3.0,0.03391428571428572,0.056,54.75
0,0,0,0,1.0,22.0,10.0,0.0,4.0,0.08678260869565217,0.103,0.0
0,0,0,0,1.0,22.0,10.0,5.0,4.0,0.08678260869565217,0.103,2.5
0,0,0,0,1.0,22.0,10.0,10.0,4.0,0.08678260869565217,0.103,3.5
0,0,0,0,1.0,22.0,10.0,15.0,4.0,0.08678260869565217,0.103,4.0
0,0,0,0,1.0,22.0,10.0,20.0,4.0,0.08678260869565217,0.103,4.3
0,0,0,0,1.0,22.0,10.0,30.0,4.0,0.08678260869565217,0.103,4.5
0,0,0,0,1.0,22.0,10.0,45.0,4.0,0.08678260869565217,0.103,4.6
0,0,0,0,1.0,22.0,10.0,60.0,4.0,0.08678260869565217,0.103,4.7
0,0,0,0,1.0,22.0,50.0,0.0,4.0,0.08678260869565217,0.103,0.0
0,0,0,0,1.0,22.0,50.0,5.0,4.0,0.08678260869565217,0.103,5.5
0,0,0,0,1.0,22.0,50.0,10.0,4.0,0.08678260869565217,0.103,8.0
0,0,0,0,1.0,22.0,50.0,15.0,4.0,0.08678260869565217,0.103,10.0
0,0,0,0,1.0,22.0,50.0,20.0,4.0,0.08678260869565217,0.103,11.0
0,0,0,0,1.0,22.0,50.0,30.0,4.0,0.08678260869565217,0.103,11.8
0,0,0,0,1.0,22.0,50.0,45.0,4.0,0.08678260869565217,0.103,12.2
0,0,0,0,1.0,22.0,50.0,60.0,4.0,0.08678260869565217,0.103,12.5
0,0,0,0,1.0,22.0,100.0,0.0,4.0,0.068875,0.103,0.0
0,0,0,0,1.0,22.0,100.0,5.0,4.0,0.068875,0.103,8.0
0,0,0,0,1.0,22.0,100.0,10.0,4.0,0.068875,0.103,12.0
0,0,0,0,1.0,22.0,100.0,15.0,4.0,0.068875,0.103,15.0
0,0,0,0,1.0,22.0,100.0,20.0,4.0,0.068875,0.103,16.5
0,0,0,0,1.0,22.0,100.0,30.0,4.0,0.068875,0.103,17.5
0,0,0,0,1.0,22.0,100.0,45.0,4.0,0.068875,0.103,18.3
0,0,0,0,1.0,22.0,100.0,60.0,4.0,0.068875,0.103,18.85
